id,name,source,上市时间,发布时间,价格,CPU频率,GPU,MP3播放器,NFC功能,NPU,SIM卡类型,WiFi(WLAN),brand,crawl_time,param_url,phone_id,url,主要功能,传感器,像素密度,充电,入网型号,其他屏幕参数,其他相机参数,其它性能,内存,内置应用,办公功能,变焦模式,后置摄像头2,后置摄像头3,品牌,图形浏览,型号,处理器,多媒体,存储,定位系统,屏幕,屏幕亮度,屏幕分辨率,屏幕刷新率,屏幕材质,屏幕色域,手机外形,手机类型,手机频段,手机颜色,扩展卡,拍摄功能描述,拍摄特色,摄像头参数,摄像头类型,操作系统,数据接口,机身尺寸,机身特点,机身重量,生物识别设计,电池,网络制式,蓝牙,视频拍摄,视频播放,输入法,键盘类型,闪光灯,附加功能,随机配件
2856871,,太平洋电脑网,2027年,,,,,支持MP3播放•MP3是什么•查看所有支持MP3播放苹果(Apple),支持,,"nano SIM卡,双卡",支持WiFi,apple,2026-06-23T09:13:40.440209,https://product.pconline.com.cn/mobile/apple/2856871_detail.html,2856871,https://product.pconline.com.cn/mobile/apple/2856871.html,"内置天线•天线是什么•查看所有内置天线苹果(Apple),时钟•时钟是什么•查看所有时钟苹果(Apple),内置震动•震动是什么•查看所有内置震动苹果(Apple),通话时间提示•通话时间是什么•查看所有通话时间提示苹果(Apple),免提通话•免提通话是什么•查看所有免提通话苹果(Apple),待机图片•待机图片是什么•查看所有待机图片苹果(Apple),来电铃声识别•来电铃声识别是什么•查看所有来电铃声识别苹果(Apple),录音功能•录音功能是什么•查看所有录音功能苹果(Apple),语音拨号•语音拨号是什么•查看所有语音拨号苹果(Apple),飞行模式•飞行模式是什么•查看所有飞行模式苹果(Apple)",,,,,,,,,,"支持文档阅读•TXT是什么•查看所有支持文档阅读苹果(Apple),支持TXT•TXT是什么•查看所有支持TXT苹果(Apple),Office(word/excel/ppt)•Office是什么•查看所有Office(word/excel/ppt)苹果(Apple),Adobe PDF•PDF是什么•查看所有Adobe PDF苹果(Apple)",支持,,,苹果,"支持JPEG,PNG,GIF,BMP等格式",苹果iPhone 20,苹果,,,支持GPS,"折叠屏,多点触摸•多点触摸是什么•查看所有多点触摸苹果(Apple),电容屏•电容屏是什么•查看所有电容屏苹果(Apple)",,,,OLED•OLED是什么•查看所有OLED苹果(Apple),,直板•直板手机是什么•查看所有直板苹果(Apple),"5G手机,智能手机•智能手机是什么•查看所有智能手机苹果(Apple),拍照手机•拍照手机是什么•查看所有拍照手机苹果(Apple)",,,,,自动对焦•自动对焦是什么•查看所有自动对焦苹果(Apple),,,iOS•iOS是什么•查看所有iOS苹果(Apple),USB Type C接口,,,,,不可拆卸式电池,"全网通,移动5G,联通5G,电信5G,广电5G,移动4G,联通4G,电信4G,广电4G,联通3G",支持蓝牙•蓝牙是什么•查看所有支持蓝牙苹果(Apple),,支持视频播放•视频是什么•查看所有支持视频播放苹果(Apple),"手写输入•手写输入是什么•查看所有手写输入苹果(Apple),英文输入法•输入法是什么•查看所有英文输入法苹果(Apple),中文输入法•输入法是什么•查看所有中文输入法苹果(Apple),第三方输入法•输入法是什么•查看所有第三方输入法苹果(Apple)",虚拟触摸键盘,LED闪光灯•LED补光灯是什么•查看所有LED闪光灯苹果(Apple),"闹钟•闹钟是什么•查看所有闹钟苹果(Apple),日历•日历是什么•查看所有日历苹果(Apple),计算器•计算器是什么•查看所有计算器苹果(Apple),记事本•记事本是什么•查看所有记事本苹果(Apple),备忘录•备忘录是什么•查看所有备忘录苹果(Apple),世界时钟•时钟是什么•查看所有世界时钟苹果(Apple),定时器•定时器是什么•查看所有定时器苹果(Apple),秒表•秒表是什么•查看所有秒表苹果(Apple),自动开关机•自动开关机是什么•查看所有自动开关机苹果(Apple)",
2718799,,太平洋电脑网,"2026年,3月2日",,￥4499.0,6核，2个性能核心和4个能效核心,4核图形处理器，配备神经网络加速器，硬件加速光线追踪点击型号查看完整天梯图,支持MP3播放•MP3是什么•查看所有支持MP3播放苹果(Apple),支持,16核神经网络引擎,"eSIM,nano SIM卡,双卡, (可激活两个eSIM， 或一个nano-SIM卡和一个eSIM)","支持WiFi,Wi-Fi 6,2.4G/5G双频,IEEE 802.11 a/b/g/n/ac/ax",apple,2026-06-23T10:56:14.451092,https://product.pconline.com.cn/mobile/apple/2718799_detail.html,2718799,https://product.pconline.com.cn/mobile/apple/2718799.html,"内置天线•天线是什么•查看所有内置天线苹果(Apple),时钟•时钟是什么•查看所有时钟苹果(Apple),内置震动•震动是什么•查看所有内置震动苹果(Apple),通话时间提示•通话时间是什么•查看所有通话时间提示苹果(Apple),免提通话•免提通话是什么•查看所有免提通话苹果(Apple),待机图片•待机图片是什么•查看所有待机图片苹果(Apple),来电铃声识别•来电铃声识别是什么•查看所有来电铃声识别苹果(Apple),录音功能•录音功能是什么•查看所有录音功能苹果(Apple),语音拨号•语音拨号是什么•查看所有语音拨号苹果(Apple),飞行模式•飞行模式是什么•查看所有飞行模式苹果(Apple)","陀螺仪•陀螺仪是什么•查看所有陀螺仪苹果(Apple),光线感应•光线感应是什么•查看所有光线感应苹果(Apple),距离感应•距离感应是什么•查看所有距离感应苹果(Apple),加速度传感器•加速传感是什么•查看所有加速度传感器苹果(Apple),气压计",460ppi,,A3635,HDR显示2000000:1对比度,,,8GB,,"支持文档阅读•TXT是什么•查看所有支持文档阅读苹果(Apple),支持TXT•TXT是什么•查看所有支持TXT苹果(Apple),Office(word/excel/ppt)•Office是什么•查看所有Office(word/excel/ppt)苹果(Apple),Adobe PDF•PDF是什么•查看所有Adobe PDF苹果(Apple)",支持,,,苹果,"支持JPEG,PNG,GIF,BMP等格式",苹果iPhone17e,苹果A19点击型号查看完整天梯图,,"256GB,512GB","支持GPS,GLONASS,北斗,Galileo,QZSS,NavlC","打孔屏,多点触摸•多点触摸是什么•查看所有多点触摸苹果(Apple),电容屏•电容屏是什么•查看所有电容屏苹果(Apple)",最大亮度:800尼特，峰值亮度(HDR):1200尼特,2532×1170像素,,OLED•OLED是什么•查看所有OLED苹果(Apple),,直板•直板手机是什么•查看所有直板苹果(Apple),"5G手机,智能手机•智能手机是什么•查看所有智能手机苹果(Apple),拍照手机•拍照手机是什么•查看所有拍照手机苹果(Apple)",,"黑色,白色,浅粉色",,,自动对焦•自动对焦是什么•查看所有自动对焦苹果(Apple),4800万像素,后置单摄像头,"iOS•iOS是什么•查看所有iOS苹果(Apple),26","USB Type C接口,USB 2.0•USB2.0是什么•查看所有USB 2.0苹果(Apple)",146.7×71.5×7.8mm,IP68防尘防水,170g,面部识别,不可拆卸式电池,"全网通,移动5G,联通5G,电信5G,广电5G,移动4G,联通4G,电信4G,广电4G,联通3G","支持蓝牙•蓝牙是什么•查看所有支持蓝牙苹果(Apple),蓝牙v5.3",4K杜比视界视频拍摄，最高可达60fps慢动作视频支持最高达1080p(240fps),支持视频播放•视频是什么•查看所有支持视频播放苹果(Apple),"手写输入•手写输入是什么•查看所有手写输入苹果(Apple),英文输入法•输入法是什么•查看所有英文输入法苹果(Apple),中文输入法•输入法是什么•查看所有中文输入法苹果(Apple),第三方输入法•输入法是什么•查看所有第三方输入法苹果(Apple)",虚拟触摸键盘,LED闪光灯•LED补光灯是什么•查看所有LED闪光灯苹果(Apple),"闹钟•闹钟是什么•查看所有闹钟苹果(Apple),日历•日历是什么•查看所有日历苹果(Apple),计算器•计算器是什么•查看所有计算器苹果(Apple),记事本•记事本是什么•查看所有记事本苹果(Apple),备忘录•备忘录是什么•查看所有备忘录苹果(Apple),世界时钟•时钟是什么•查看所有世界时钟苹果(Apple),定时器•定时器是什么•查看所有定时器苹果(Apple),秒表•秒表是什么•查看所有秒表苹果(Apple),自动开关机•自动开关机是什么•查看所有自动开关机苹果(Apple)",
2806631,,太平洋电脑网,2026年,,,,,支持MP3播放•MP3是什么•查看所有支持MP3播放苹果(Apple),支持,,"nano SIM卡,双卡",支持WiFi,apple,2026-06-23T09:14:09.217681,https://product.pconline.com.cn/mobile/apple/2806631_detail.html,2806631,https://product.pconline.com.cn/mobile/apple/2806631.html,"内置天线•天线是什么•查看所有内置天线苹果(Apple),时钟•时钟是什么•查看所有时钟苹果(Apple),内置震动•震动是什么•查看所有内置震动苹果(Apple),通话时间提示•通话时间是什么•查看所有通话时间提示苹果(Apple),免提通话•免提通话是什么•查看所有免提通话苹果(Apple),待机图片•待机图片是什么•查看所有待机图片苹果(Apple),来电铃声识别•来电铃声识别是什么•查看所有来电铃声识别苹果(Apple),录音功能•录音功能是什么•查看所有录音功能苹果(Apple),语音拨号•语音拨号是什么•查看所有语音拨号苹果(Apple),飞行模式•飞行模式是什么•查看所有飞行模式苹果(Apple)",,,,,,,,,,"支持文档阅读•TXT是什么•查看所有支持文档阅读苹果(Apple),支持TXT•TXT是什么•查看所有支持TXT苹果(Apple),Office(word/excel/ppt)•Office是什么•查看所有Office(word/excel/ppt)苹果(Apple),Adobe PDF•PDF是什么•查看所有Adobe PDF苹果(Apple)",支持,,,苹果,"支持JPEG,PNG,GIF,BMP等格式",苹果iPhone Air2,苹果,,,支持GPS,"折叠屏,多点触摸•多点触摸是什么•查看所有多点触摸苹果(Apple),电容屏•电容屏是什么•查看所有电容屏苹果(Apple)",,,,OLED•OLED是什么•查看所有OLED苹果(Apple),,直板•直板手机是什么•查看所有直板苹果(Apple),"5G手机,智能手机•智能手机是什么•查看所有智能手机苹果(Apple),拍照手机•拍照手机是什么•查看所有拍照手机苹果(Apple)",,,,,自动对焦•自动对焦是什么•查看所有自动对焦苹果(Apple),,,iOS•iOS是什么•查看所有iOS苹果(Apple),USB Type C接口,,,,,不可拆卸式电池,"全网通,移动5G,联通5G,电信5G,广电5G,移动4G,联通4G,电信4G,广电4G,联通3G",支持蓝牙•蓝牙是什么•查看所有支持蓝牙苹果(Apple),,支持视频播放•视频是什么•查看所有支持视频播放苹果(Apple),"手写输入•手写输入是什么•查看所有手写输入苹果(Apple),英文输入法•输入法是什么•查看所有英文输入法苹果(Apple),中文输入法•输入法是什么•查看所有中文输入法苹果(Apple),第三方输入法•输入法是什么•查看所有第三方输入法苹果(Apple)",虚拟触摸键盘,LED闪光灯•LED补光灯是什么•查看所有LED闪光灯苹果(Apple),"闹钟•闹钟是什么•查看所有闹钟苹果(Apple),日历•日历是什么•查看所有日历苹果(Apple),计算器•计算器是什么•查看所有计算器苹果(Apple),记事本•记事本是什么•查看所有记事本苹果(Apple),备忘录•备忘录是什么•查看所有备忘录苹果(Apple),世界时钟•时钟是什么•查看所有世界时钟苹果(Apple),定时器•定时器是什么•查看所有定时器苹果(Apple),秒表•秒表是什么•查看所有秒表苹果(Apple),自动开关机•自动开关机是什么•查看所有自动开关机苹果(Apple)",
2894271,,太平洋电脑网,2026年,,,,,支持MP3播放•MP3是什么•查看所有支持MP3播放苹果(Apple),支持,,"nano SIM卡,双卡",支持WiFi,apple,2026-06-23T10:54:29.601156,https://product.pconline.com.cn/mobile/apple/2894271_detail.html,2894271,https://product.pconline.com.cn/mobile/apple/2894271.html,"内置天线•天线是什么•查看所有内置天线苹果(Apple),时钟•时钟是什么•查看所有时钟苹果(Apple),内置震动•震动是什么•查看所有内置震动苹果(Apple),通话时间提示•通话时间是什么•查看所有通话时间提示苹果(Apple),免提通话•免提通话是什么•查看所有免提通话苹果(Apple),待机图片•待机图片是什么•查看所有待机图片苹果(Apple),来电铃声识别•来电铃声识别是什么•查看所有来电铃声识别苹果(Apple),录音功能•录音功能是什么•查看所有录音功能苹果(Apple),语音拨号•语音拨号是什么•查看所有语音拨号苹果(Apple),飞行模式•飞行模式是什么•查看所有飞行模式苹果(Apple)",,,,,,,,,,"支持文档阅读•TXT是什么•查看所有支持文档阅读苹果(Apple),支持TXT•TXT是什么•查看所有支持TXT苹果(Apple),Office(word/excel/ppt)•Office是什么•查看所有Office(word/excel/ppt)苹果(Apple),Adobe PDF•PDF是什么•查看所有Adobe PDF苹果(Apple)",支持,,,苹果,"支持JPEG,PNG,GIF,BMP等格式",苹果iPhone Ultra,苹果,,,支持GPS,"折叠屏,多点触摸•多点触摸是什么•查看所有多点触摸苹果(Apple),电容屏•电容屏是什么•查看所有电容屏苹果(Apple)",,,,OLED•OLED是什么•查看所有OLED苹果(Apple),,折叠,"5G手机,智能手机•智能手机是什么•查看所有智能手机苹果(Apple),拍照手机•拍照手机是什么•查看所有拍照手机苹果(Apple)",,,,,自动对焦•自动对焦是什么•查看所有自动对焦苹果(Apple),,,iOS•iOS是什么•查看所有iOS苹果(Apple),USB Type C接口,,,,,不可拆卸式电池,"全网通,移动5G,联通5G,电信5G,广电5G,移动4G,联通4G,电信4G,广电4G,联通3G",支持蓝牙•蓝牙是什么•查看所有支持蓝牙苹果(Apple),,支持视频播放•视频是什么•查看所有支持视频播放苹果(Apple),"手写输入•手写输入是什么•查看所有手写输入苹果(Apple),英文输入法•输入法是什么•查看所有英文输入法苹果(Apple),中文输入法•输入法是什么•查看所有中文输入法苹果(Apple),第三方输入法•输入法是什么•查看所有第三方输入法苹果(Apple)",虚拟触摸键盘,LED闪光灯•LED补光灯是什么•查看所有LED闪光灯苹果(Apple),"闹钟•闹钟是什么•查看所有闹钟苹果(Apple),日历•日历是什么•查看所有日历苹果(Apple),计算器•计算器是什么•查看所有计算器苹果(Apple),记事本•记事本是什么•查看所有记事本苹果(Apple),备忘录•备忘录是什么•查看所有备忘录苹果(Apple),世界时钟•时钟是什么•查看所有世界时钟苹果(Apple),定时器•定时器是什么•查看所有定时器苹果(Apple),秒表•秒表是什么•查看所有秒表苹果(Apple),自动开关机•自动开关机是什么•查看所有自动开关机苹果(Apple)",
2785811,,太平洋电脑网,2026年,,,,,支持MP3播放•MP3是什么•查看所有支持MP3播放苹果(Apple),支持,,"nano SIM卡,双卡",支持WiFi,apple,2026-06-23T09:14:52.565569,https://product.pconline.com.cn/mobile/apple/2785811_detail.html,2785811,https://product.pconline.com.cn/mobile/apple/2785811.html,"内置天线•天线是什么•查看所有内置天线苹果(Apple),时钟•时钟是什么•查看所有时钟苹果(Apple),内置震动•震动是什么•查看所有内置震动苹果(Apple),通话时间提示•通话时间是什么•查看所有通话时间提示苹果(Apple),免提通话•免提通话是什么•查看所有免提通话苹果(Apple),待机图片•待机图片是什么•查看所有待机图片苹果(Apple),来电铃声识别•来电铃声识别是什么•查看所有来电铃声识别苹果(Apple),录音功能•录音功能是什么•查看所有录音功能苹果(Apple),语音拨号•语音拨号是什么•查看所有语音拨号苹果(Apple),飞行模式•飞行模式是什么•查看所有飞行模式苹果(Apple)",,,,,,,,,,"支持文档阅读•TXT是什么•查看所有支持文档阅读苹果(Apple),支持TXT•TXT是什么•查看所有支持TXT苹果(Apple),Office(word/excel/ppt)•Office是什么•查看所有Office(word/excel/ppt)苹果(Apple),Adobe PDF•PDF是什么•查看所有Adobe PDF苹果(Apple)",支持,,,苹果,"支持JPEG,PNG,GIF,BMP等格式",苹果iPhone Fold,苹果,,,支持GPS,"折叠屏,多点触摸•多点触摸是什么•查看所有多点触摸苹果(Apple),电容屏•电容屏是什么•查看所有电容屏苹果(Apple)",,,,OLED•OLED是什么•查看所有OLED苹果(Apple),,折叠,"5G手机,智能手机•智能手机是什么•查看所有智能手机苹果(Apple),拍照手机•拍照手机是什么•查看所有拍照手机苹果(Apple)",,,,,自动对焦•自动对焦是什么•查看所有自动对焦苹果(Apple),,,iOS•iOS是什么•查看所有iOS苹果(Apple),USB Type C接口,,,,,不可拆卸式电池,"全网通,移动5G,联通5G,电信5G,广电5G,移动4G,联通4G,电信4G,广电4G,联通3G",支持蓝牙•蓝牙是什么•查看所有支持蓝牙苹果(Apple),,支持视频播放•视频是什么•查看所有支持视频播放苹果(Apple),"手写输入•手写输入是什么•查看所有手写输入苹果(Apple),英文输入法•输入法是什么•查看所有英文输入法苹果(Apple),中文输入法•输入法是什么•查看所有中文输入法苹果(Apple),第三方输入法•输入法是什么•查看所有第三方输入法苹果(Apple)",虚拟触摸键盘,LED闪光灯•LED补光灯是什么•查看所有LED闪光灯苹果(Apple),"闹钟•闹钟是什么•查看所有闹钟苹果(Apple),日历•日历是什么•查看所有日历苹果(Apple),计算器•计算器是什么•查看所有计算器苹果(Apple),记事本•记事本是什么•查看所有记事本苹果(Apple),备忘录•备忘录是什么•查看所有备忘录苹果(Apple),世界时钟•时钟是什么•查看所有世界时钟苹果(Apple),定时器•定时器是什么•查看所有定时器苹果(Apple),秒表•秒表是什么•查看所有秒表苹果(Apple),自动开关机•自动开关机是什么•查看所有自动开关机苹果(Apple)",
2787811,,太平洋电脑网,2026年,,,,,支持MP3播放•MP3是什么•查看所有支持MP3播放苹果(Apple),支持,,"nano SIM卡,双卡",支持WiFi,apple,2026-06-23T09:12:26.427428,https://product.pconline.com.cn/mobile/apple/2787811_detail.html,2787811,https://product.pconline.com.cn/mobile/apple/2787811.html,"内置天线•天线是什么•查看所有内置天线苹果(Apple),时钟•时钟是什么•查看所有时钟苹果(Apple),内置震动•震动是什么•查看所有内置震动苹果(Apple),通话时间提示•通话时间是什么•查看所有通话时间提示苹果(Apple),免提通话•免提通话是什么•查看所有免提通话苹果(Apple),待机图片•待机图片是什么•查看所有待机图片苹果(Apple),来电铃声识别•来电铃声识别是什么•查看所有来电铃声识别苹果(Apple),录音功能•录音功能是什么•查看所有录音功能苹果(Apple),语音拨号•语音拨号是什么•查看所有语音拨号苹果(Apple),飞行模式•飞行模式是什么•查看所有飞行模式苹果(Apple)",,,,,,,,,,"支持文档阅读•TXT是什么•查看所有支持文档阅读苹果(Apple),支持TXT•TXT是什么•查看所有支持TXT苹果(Apple),Office(word/excel/ppt)•Office是什么•查看所有Office(word/excel/ppt)苹果(Apple),Adobe PDF•PDF是什么•查看所有Adobe PDF苹果(Apple)",支持,,,苹果,"支持JPEG,PNG,GIF,BMP等格式",苹果iPhone18 Pro Max,苹果,,,支持GPS,"折叠屏,多点触摸•多点触摸是什么•查看所有多点触摸苹果(Apple),电容屏•电容屏是什么•查看所有电容屏苹果(Apple)",,,,OLED•OLED是什么•查看所有OLED苹果(Apple),,直板•直板手机是什么•查看所有直板苹果(Apple),"5G手机,智能手机•智能手机是什么•查看所有智能手机苹果(Apple),拍照手机•拍照手机是什么•查看所有拍照手机苹果(Apple)",,,,,自动对焦•自动对焦是什么•查看所有自动对焦苹果(Apple),,,iOS•iOS是什么•查看所有iOS苹果(Apple),USB Type C接口,,,,,不可拆卸式电池,"全网通,移动5G,联通5G,电信5G,广电5G,移动4G,联通4G,电信4G,广电4G,联通3G",支持蓝牙•蓝牙是什么•查看所有支持蓝牙苹果(Apple),,支持视频播放•视频是什么•查看所有支持视频播放苹果(Apple),"手写输入•手写输入是什么•查看所有手写输入苹果(Apple),英文输入法•输入法是什么•查看所有英文输入法苹果(Apple),中文输入法•输入法是什么•查看所有中文输入法苹果(Apple),第三方输入法•输入法是什么•查看所有第三方输入法苹果(Apple)",虚拟触摸键盘,LED闪光灯•LED补光灯是什么•查看所有LED闪光灯苹果(Apple),"闹钟•闹钟是什么•查看所有闹钟苹果(Apple),日历•日历是什么•查看所有日历苹果(Apple),计算器•计算器是什么•查看所有计算器苹果(Apple),记事本•记事本是什么•查看所有记事本苹果(Apple),备忘录•备忘录是什么•查看所有备忘录苹果(Apple),世界时钟•时钟是什么•查看所有世界时钟苹果(Apple),定时器•定时器是什么•查看所有定时器苹果(Apple),秒表•秒表是什么•查看所有秒表苹果(Apple),自动开关机•自动开关机是什么•查看所有自动开关机苹果(Apple)",
2787791,,太平洋电脑网,2026年,,,,,支持MP3播放•MP3是什么•查看所有支持MP3播放苹果(Apple),支持,,"nano SIM卡,双卡",支持WiFi,apple,2026-06-23T09:11:44.914779,https://product.pconline.com.cn/mobile/apple/2787791_detail.html,2787791,https://product.pconline.com.cn/mobile/apple/2787791.html,"内置天线•天线是什么•查看所有内置天线苹果(Apple),时钟•时钟是什么•查看所有时钟苹果(Apple),内置震动•震动是什么•查看所有内置震动苹果(Apple),通话时间提示•通话时间是什么•查看所有通话时间提示苹果(Apple),免提通话•免提通话是什么•查看所有免提通话苹果(Apple),待机图片•待机图片是什么•查看所有待机图片苹果(Apple),来电铃声识别•来电铃声识别是什么•查看所有来电铃声识别苹果(Apple),录音功能•录音功能是什么•查看所有录音功能苹果(Apple),语音拨号•语音拨号是什么•查看所有语音拨号苹果(Apple),飞行模式•飞行模式是什么•查看所有飞行模式苹果(Apple)",,,,,,,,,,"支持文档阅读•TXT是什么•查看所有支持文档阅读苹果(Apple),支持TXT•TXT是什么•查看所有支持TXT苹果(Apple),Office(word/excel/ppt)•Office是什么•查看所有Office(word/excel/ppt)苹果(Apple),Adobe PDF•PDF是什么•查看所有Adobe PDF苹果(Apple)",支持,,,苹果,"支持JPEG,PNG,GIF,BMP等格式",苹果iPhone18,苹果,,,支持GPS,"折叠屏,多点触摸•多点触摸是什么•查看所有多点触摸苹果(Apple),电容屏•电容屏是什么•查看所有电容屏苹果(Apple)",,,,OLED•OLED是什么•查看所有OLED苹果(Apple),,直板•直板手机是什么•查看所有直板苹果(Apple),"5G手机,智能手机•智能手机是什么•查看所有智能手机苹果(Apple),拍照手机•拍照手机是什么•查看所有拍照手机苹果(Apple)",,,,,自动对焦•自动对焦是什么•查看所有自动对焦苹果(Apple),,,iOS•iOS是什么•查看所有iOS苹果(Apple),USB Type C接口,,,,,不可拆卸式电池,"全网通,移动5G,联通5G,电信5G,广电5G,移动4G,联通4G,电信4G,广电4G,联通3G",支持蓝牙•蓝牙是什么•查看所有支持蓝牙苹果(Apple),,支持视频播放•视频是什么•查看所有支持视频播放苹果(Apple),"手写输入•手写输入是什么•查看所有手写输入苹果(Apple),英文输入法•输入法是什么•查看所有英文输入法苹果(Apple),中文输入法•输入法是什么•查看所有中文输入法苹果(Apple),第三方输入法•输入法是什么•查看所有第三方输入法苹果(Apple)",虚拟触摸键盘,LED闪光灯•LED补光灯是什么•查看所有LED闪光灯苹果(Apple),"闹钟•闹钟是什么•查看所有闹钟苹果(Apple),日历•日历是什么•查看所有日历苹果(Apple),计算器•计算器是什么•查看所有计算器苹果(Apple),记事本•记事本是什么•查看所有记事本苹果(Apple),备忘录•备忘录是什么•查看所有备忘录苹果(Apple),世界时钟•时钟是什么•查看所有世界时钟苹果(Apple),定时器•定时器是什么•查看所有定时器苹果(Apple),秒表•秒表是什么•查看所有秒表苹果(Apple),自动开关机•自动开关机是什么•查看所有自动开关机苹果(Apple)",
2787792,,太平洋电脑网,2026年,,,,,支持MP3播放•MP3是什么•查看所有支持MP3播放苹果(Apple),支持,,"nano SIM卡,双卡",支持WiFi,apple,2026-06-23T09:13:12.538458,https://product.pconline.com.cn/mobile/apple/2787792_detail.html,2787792,https://product.pconline.com.cn/mobile/apple/2787792.html,"内置天线•天线是什么•查看所有内置天线苹果(Apple),时钟•时钟是什么•查看所有时钟苹果(Apple),内置震动•震动是什么•查看所有内置震动苹果(Apple),通话时间提示•通话时间是什么•查看所有通话时间提示苹果(Apple),免提通话•免提通话是什么•查看所有免提通话苹果(Apple),待机图片•待机图片是什么•查看所有待机图片苹果(Apple),来电铃声识别•来电铃声识别是什么•查看所有来电铃声识别苹果(Apple),录音功能•录音功能是什么•查看所有录音功能苹果(Apple),语音拨号•语音拨号是什么•查看所有语音拨号苹果(Apple),飞行模式•飞行模式是什么•查看所有飞行模式苹果(Apple)",,,,,,,,,,"支持文档阅读•TXT是什么•查看所有支持文档阅读苹果(Apple),支持TXT•TXT是什么•查看所有支持TXT苹果(Apple),Office(word/excel/ppt)•Office是什么•查看所有Office(word/excel/ppt)苹果(Apple),Adobe PDF•PDF是什么•查看所有Adobe PDF苹果(Apple)",支持,,,苹果,"支持JPEG,PNG,GIF,BMP等格式",苹果iPhone18 Pro,苹果,,,支持GPS,"折叠屏,多点触摸•多点触摸是什么•查看所有多点触摸苹果(Apple),电容屏•电容屏是什么•查看所有电容屏苹果(Apple)",,,,OLED•OLED是什么•查看所有OLED苹果(Apple),,直板•直板手机是什么•查看所有直板苹果(Apple),"5G手机,智能手机•智能手机是什么•查看所有智能手机苹果(Apple),拍照手机•拍照手机是什么•查看所有拍照手机苹果(Apple)",,,,,自动对焦•自动对焦是什么•查看所有自动对焦苹果(Apple),,,iOS•iOS是什么•查看所有iOS苹果(Apple),USB Type C接口,,,,,不可拆卸式电池,"全网通,移动5G,联通5G,电信5G,广电5G,移动4G,联通4G,电信4G,广电4G,联通3G",支持蓝牙•蓝牙是什么•查看所有支持蓝牙苹果(Apple),,支持视频播放•视频是什么•查看所有支持视频播放苹果(Apple),"手写输入•手写输入是什么•查看所有手写输入苹果(Apple),英文输入法•输入法是什么•查看所有英文输入法苹果(Apple),中文输入法•输入法是什么•查看所有中文输入法苹果(Apple),第三方输入法•输入法是什么•查看所有第三方输入法苹果(Apple)",虚拟触摸键盘,LED闪光灯•LED补光灯是什么•查看所有LED闪光灯苹果(Apple),"闹钟•闹钟是什么•查看所有闹钟苹果(Apple),日历•日历是什么•查看所有日历苹果(Apple),计算器•计算器是什么•查看所有计算器苹果(Apple),记事本•记事本是什么•查看所有记事本苹果(Apple),备忘录•备忘录是什么•查看所有备忘录苹果(Apple),世界时钟•时钟是什么•查看所有世界时钟苹果(Apple),定时器•定时器是什么•查看所有定时器苹果(Apple),秒表•秒表是什么•查看所有秒表苹果(Apple),自动开关机•自动开关机是什么•查看所有自动开关机苹果(Apple)",
2718819,,太平洋电脑网,"2025年,9月10日",,￥9999.0￥9999.0,6核，2个性能核心和4个能效核心,6核图形处理器，配备神经网络加速器，硬件加速光线追踪点击型号查看完整天梯图,支持MP3播放•MP3是什么•查看所有支持MP3播放苹果(Apple),支持,16核神经网络引擎,"nano SIM卡,双卡","支持WiFi,Wi-Fi 7,2.4G/5G双频,IEEE 802.11 a/b/g/n/ac/ax/be",apple,2026-06-23T10:56:27.809473,https://product.pconline.com.cn/mobile/apple/2718819_detail.html,2718819,https://product.pconline.com.cn/mobile/apple/2718819.html,"内置天线•天线是什么•查看所有内置天线苹果(Apple),时钟•时钟是什么•查看所有时钟苹果(Apple),内置震动•震动是什么•查看所有内置震动苹果(Apple),通话时间提示•通话时间是什么•查看所有通话时间提示苹果(Apple),免提通话•免提通话是什么•查看所有免提通话苹果(Apple),待机图片•待机图片是什么•查看所有待机图片苹果(Apple),来电铃声识别•来电铃声识别是什么•查看所有来电铃声识别苹果(Apple),录音功能•录音功能是什么•查看所有录音功能苹果(Apple),语音拨号•语音拨号是什么•查看所有语音拨号苹果(Apple),飞行模式•飞行模式是什么•查看所有飞行模式苹果(Apple)","距离感应•距离感应是什么•查看所有距离感应苹果(Apple),光线感应•光线感应是什么•查看所有光线感应苹果(Apple),加速度传感器•加速传感是什么•查看所有加速度传感器苹果(Apple),陀螺仪•陀螺仪是什么•查看所有陀螺仪苹果(Apple),气压计,激光雷达扫描仪",460ppi,40W有线快充，15W无线快充,,全天候显示HDR显示2000000:1对比度(典型)触感触控,,,"LPDDR5X,9600MT/s",SOS紧急联络、车祸检测,"支持文档阅读•TXT是什么•查看所有支持文档阅读苹果(Apple),支持TXT•TXT是什么•查看所有支持TXT苹果(Apple),Office(word/excel/ppt)•Office是什么•查看所有Office(word/excel/ppt)苹果(Apple),Adobe PDF•PDF是什么•查看所有Adobe PDF苹果(Apple)","支持,8倍光学变焦","4800万像素,融合式超广角摄像头","4800万像素,融合式长焦摄像头",苹果,"支持JPEG,PNG,GIF,BMP等格式",苹果iPhone17 Pro Max,苹果A19 Pro点击型号查看完整天梯图,双扬声器,"256GB,512GB,1TB","支持GPS,GLONASS,北斗,Galileo,QZSS,NavlC","打孔屏,多点触摸•多点触摸是什么•查看所有多点触摸苹果(Apple),电容屏•电容屏是什么•查看所有电容屏苹果(Apple),灵动岛功能",1000尼特最大亮度(典型)，1600尼特峰值亮度(HDR)，3000尼特峰值亮度(户外)，最小亮度为1尼特,2868×1320像素,"120Hz,ProMotion自适应刷新率技术",OLED•OLED是什么•查看所有OLED苹果(Apple),原彩显示，广色域显示 (P3),直板•直板手机是什么•查看所有直板苹果(Apple),"5G手机,智能手机•智能手机是什么•查看所有智能手机苹果(Apple),拍照手机•拍照手机是什么•查看所有拍照手机苹果(Apple),防水手机•三防机是什么•查看所有防水手机苹果(Apple)",,"银色,星宇橙色,深蓝色",,【后置摄像头】光像引擎、深度融合技术、智能HDR5照片、夜间模式、新一代摄影风格、微距摄影、空间照片、ProRAW新一代人像功能，支持焦点控制和景深控制人像光效，支持六种效果【前置摄像头】拍照人物居中、同步双拍、视频通话人物居中、视频超稳防抖、光像引擎、深度融合技术、智能HDR5照片新一代人像功能，支持焦点控制和景深控制夜间模式、新一代摄影风格,"自动对焦•自动对焦是什么•查看所有自动对焦苹果(Apple),光学防抖(OIS)","4800万像素,融合式主摄","后置三摄像头,前置单摄像头","iOS•iOS是什么•查看所有iOS苹果(Apple),26","USB Type C接口,USB 3.0•数据线是什么•查看所有USB 3.0苹果(Apple)",163.4×78×8.75mm,IP68防尘防水,231g,面部识别,不可拆卸式电池,"全网通,移动5G,联通5G,电信5G,广电5G,移动4G,联通4G,电信4G,广电4G,联通3G","支持蓝牙•蓝牙是什么•查看所有支持蓝牙苹果(Apple),蓝牙v6.0",【后置摄像头】4K杜比视界视频拍摄，最高可达120fps(融合式主摄)或60fps(融合式超广角、融合式长焦)；电影效果模式可拍摄浅景深视频(最高可达4K杜比视界，30fps)；同步双拍(最高可达 4K杜比视界，30fps)；运动模式(最高可达 2.8K杜比视界，60fps)；空间视频拍摄，1080p(30fps)；ProRes视频拍摄，使用外置存储最高可达4K，120fps；ProRes RAW；学院色彩编码系统(ACES)；Apple Log 2模式视频拍摄；支持Genlock；微距视频拍摄，包括慢动作和延时摄影；慢动作视频支持1080p最高达240fps和4K杜比视界最高达120fps(融合式主摄)；视频快录功能(拍摄杜比视界HDR视频时最高可达4K，60fps)；第二代传感器位移式光学图像防抖功能(融合式主摄)；3D传感器位移式光学图像防抖功能(融合式长焦)；空间音频和立体声录音；录音棚级四麦克风阵列；风噪降低、混音【前置摄像头】4K杜比视界视频拍摄，最高可达60fps电影效果模式，最高可达4K杜比视界，30fpsProRes视频拍摄，使用外置存储最高可达4K，60fps慢动作视频支持1080p(120fps)视频快录功能(拍摄杜比视界HDR视频时最高可达4K，60fps)影院级视频防抖功能(4K、1080p和720p),支持视频播放•视频是什么•查看所有支持视频播放苹果(Apple),"手写输入•手写输入是什么•查看所有手写输入苹果(Apple),英文输入法•输入法是什么•查看所有英文输入法苹果(Apple),中文输入法•输入法是什么•查看所有中文输入法苹果(Apple),第三方输入法•输入法是什么•查看所有第三方输入法苹果(Apple)",虚拟触摸键盘,LED闪光灯•LED补光灯是什么•查看所有LED闪光灯苹果(Apple),"闹钟•闹钟是什么•查看所有闹钟苹果(Apple),日历•日历是什么•查看所有日历苹果(Apple),计算器•计算器是什么•查看所有计算器苹果(Apple),记事本•记事本是什么•查看所有记事本苹果(Apple),备忘录•备忘录是什么•查看所有备忘录苹果(Apple),世界时钟•时钟是什么•查看所有世界时钟苹果(Apple),定时器•定时器是什么•查看所有定时器苹果(Apple),秒表•秒表是什么•查看所有秒表苹果(Apple),自动开关机•自动开关机是什么•查看所有自动开关机苹果(Apple)",
2718739,,太平洋电脑网,"2025年,9月10日",,￥8999.0￥8999.0,6核，2个性能核心和4个能效核心,6核图形处理器，配备神经网络加速器，硬件加速光线追踪点击型号查看完整天梯图,支持MP3播放•MP3是什么•查看所有支持MP3播放苹果(Apple),支持,16核神经网络引擎,"nano SIM卡,双卡","支持WiFi,Wi-Fi 7,2.4G/5G双频,IEEE 802.11 a/b/g/n/ac/ax/be",apple,2026-06-23T10:56:41.814477,https://product.pconline.com.cn/mobile/apple/2718739_detail.html,2718739,https://product.pconline.com.cn/mobile/apple/2718739.html,"内置天线•天线是什么•查看所有内置天线苹果(Apple),时钟•时钟是什么•查看所有时钟苹果(Apple),内置震动•震动是什么•查看所有内置震动苹果(Apple),通话时间提示•通话时间是什么•查看所有通话时间提示苹果(Apple),免提通话•免提通话是什么•查看所有免提通话苹果(Apple),待机图片•待机图片是什么•查看所有待机图片苹果(Apple),来电铃声识别•来电铃声识别是什么•查看所有来电铃声识别苹果(Apple),录音功能•录音功能是什么•查看所有录音功能苹果(Apple),语音拨号•语音拨号是什么•查看所有语音拨号苹果(Apple),飞行模式•飞行模式是什么•查看所有飞行模式苹果(Apple)","距离感应•距离感应是什么•查看所有距离感应苹果(Apple),光线感应•光线感应是什么•查看所有光线感应苹果(Apple),加速度传感器•加速传感是什么•查看所有加速度传感器苹果(Apple),陀螺仪•陀螺仪是什么•查看所有陀螺仪苹果(Apple),气压计,激光雷达扫描仪",460ppi,40W有线快充，15W无线快充,,全天候显示HDR显示2000000:1对比度(典型)触感触控,,,"LPDDR5X,9600MT/s",SOS紧急联络、车祸检测,"支持文档阅读•TXT是什么•查看所有支持文档阅读苹果(Apple),支持TXT•TXT是什么•查看所有支持TXT苹果(Apple),Office(word/excel/ppt)•Office是什么•查看所有Office(word/excel/ppt)苹果(Apple),Adobe PDF•PDF是什么•查看所有Adobe PDF苹果(Apple)","支持,8倍光学变焦","4800万像素,融合式超广角摄像头","4800万像素,融合式长焦摄像头",苹果,"支持JPEG,PNG,GIF,BMP等格式",苹果iPhone17 Pro,苹果A19 Pro点击型号查看完整天梯图,,"256GB,512GB,1TB","支持GPS,GLONASS,北斗,Galileo,QZSS,NavlC","打孔屏,多点触摸•多点触摸是什么•查看所有多点触摸苹果(Apple),电容屏•电容屏是什么•查看所有电容屏苹果(Apple),灵动岛功能",1000尼特最大亮度(典型)，1600尼特峰值亮度(HDR)，3000尼特峰值亮度(户外)，最小亮度为1尼特,2622×1206像素,"120Hz,ProMotion自适应刷新率技术",OLED•OLED是什么•查看所有OLED苹果(Apple),原彩显示，广色域显示 (P3),直板•直板手机是什么•查看所有直板苹果(Apple),"5G手机,智能手机•智能手机是什么•查看所有智能手机苹果(Apple),拍照手机•拍照手机是什么•查看所有拍照手机苹果(Apple),防水手机•三防机是什么•查看所有防水手机苹果(Apple)",,"银色,星宇橙色,深蓝色",,【后置摄像头】光像引擎、深度融合技术、智能HDR5照片、夜间模式、新一代摄影风格、微距摄影、空间照片、ProRAW新一代人像功能，支持焦点控制和景深控制人像光效，支持六种效果【前置摄像头】拍照人物居中、同步双拍、视频通话人物居中、视频超稳防抖、光像引擎、深度融合技术、智能HDR5照片新一代人像功能，支持焦点控制和景深控制夜间模式、新一代摄影风格,"自动对焦•自动对焦是什么•查看所有自动对焦苹果(Apple),光学防抖(OIS)","4800万像素,融合式主摄","后置三摄像头,前置单摄像头","iOS•iOS是什么•查看所有iOS苹果(Apple),26","USB Type C接口,USB 3.0•数据线是什么•查看所有USB 3.0苹果(Apple)",150×71.9×8.75mm,IP68防尘防水,204g,面部识别,不可拆卸式电池,"全网通,移动5G,联通5G,电信5G,广电5G,移动4G,联通4G,电信4G,广电4G,联通3G","支持蓝牙•蓝牙是什么•查看所有支持蓝牙苹果(Apple),蓝牙v6.0",【后置摄像头】4K杜比视界视频拍摄，最高可达120fps(融合式主摄)或60fps(融合式超广角、融合式长焦)；电影效果模式可拍摄浅景深视频(最高可达4K杜比视界，30fps)；同步双拍(最高可达 4K杜比视界，30fps)；运动模式(最高可达 2.8K杜比视界，60fps)；空间视频拍摄，1080p(30fps)；ProRes视频拍摄，使用外置存储最高可达4K，120fps；ProRes RAW；学院色彩编码系统(ACES)；Apple Log 2模式视频拍摄；支持Genlock；微距视频拍摄，包括慢动作和延时摄影；慢动作视频支持1080p最高达240fps和4K杜比视界最高达120fps(融合式主摄)；视频快录功能(拍摄杜比视界HDR视频时最高可达4K，60fps)；第二代传感器位移式光学图像防抖功能(融合式主摄)；3D传感器位移式光学图像防抖功能(融合式长焦)；空间音频和立体声录音；录音棚级四麦克风阵列；风噪降低、混音【前置摄像头】4K杜比视界视频拍摄，最高可达60fps电影效果模式，最高可达4K杜比视界，30fpsProRes视频拍摄，使用外置存储最高可达4K，60fps慢动作视频支持1080p(120fps)视频快录功能(拍摄杜比视界HDR视频时最高可达4K，60fps)影院级视频防抖功能(4K、1080p和720p),支持视频播放•视频是什么•查看所有支持视频播放苹果(Apple),"手写输入•手写输入是什么•查看所有手写输入苹果(Apple),英文输入法•输入法是什么•查看所有英文输入法苹果(Apple),中文输入法•输入法是什么•查看所有中文输入法苹果(Apple),第三方输入法•输入法是什么•查看所有第三方输入法苹果(Apple)",虚拟触摸键盘,LED闪光灯•LED补光灯是什么•查看所有LED闪光灯苹果(Apple),"闹钟•闹钟是什么•查看所有闹钟苹果(Apple),日历•日历是什么•查看所有日历苹果(Apple),计算器•计算器是什么•查看所有计算器苹果(Apple),记事本•记事本是什么•查看所有记事本苹果(Apple),备忘录•备忘录是什么•查看所有备忘录苹果(Apple),世界时钟•时钟是什么•查看所有世界时钟苹果(Apple),定时器•定时器是什么•查看所有定时器苹果(Apple),秒表•秒表是什么•查看所有秒表苹果(Apple),自动开关机•自动开关机是什么•查看所有自动开关机苹果(Apple)",
2712379,,太平洋电脑网,"2025年,9月10日",,￥5999.0￥7999.0,6核，2个性能核心和4个能效核心,5核图形处理器，配备神经网络加速器，硬件加速光线追踪点击型号查看完整天梯图,支持MP3播放•MP3是什么•查看所有支持MP3播放苹果(Apple),支持,16核神经网络引擎,"eSIM,双卡","支持WiFi,Wi-Fi 7,2.4G/5G双频,IEEE 802.11 a/b/g/n/ac/ax/be",apple,2026-06-23T10:55:24.074732,https://product.pconline.com.cn/mobile/apple/2712379_detail.html,2712379,https://product.pconline.com.cn/mobile/apple/2712379.html,"内置天线•天线是什么•查看所有内置天线苹果(Apple),时钟•时钟是什么•查看所有时钟苹果(Apple),内置震动•震动是什么•查看所有内置震动苹果(Apple),通话时间提示•通话时间是什么•查看所有通话时间提示苹果(Apple),免提通话•免提通话是什么•查看所有免提通话苹果(Apple),待机图片•待机图片是什么•查看所有待机图片苹果(Apple),来电铃声识别•来电铃声识别是什么•查看所有来电铃声识别苹果(Apple),录音功能•录音功能是什么•查看所有录音功能苹果(Apple),语音拨号•语音拨号是什么•查看所有语音拨号苹果(Apple),飞行模式•飞行模式是什么•查看所有飞行模式苹果(Apple)","距离感应•距离感应是什么•查看所有距离感应苹果(Apple),光线感应•光线感应是什么•查看所有光线感应苹果(Apple),加速度传感器•加速传感是什么•查看所有加速度传感器苹果(Apple),陀螺仪•陀螺仪是什么•查看所有陀螺仪苹果(Apple),气压计",460ppi,30W有线快充，15W无线快充,,全天候显示HDR显示2000000:1对比度(典型)触感触控,,,"LPDDR5X,8533MT/s",SOS紧急联络、车祸检测,"支持文档阅读•TXT是什么•查看所有支持文档阅读苹果(Apple),支持TXT•TXT是什么•查看所有支持TXT苹果(Apple),Office(word/excel/ppt)•Office是什么•查看所有Office(word/excel/ppt)苹果(Apple),Adobe PDF•PDF是什么•查看所有Adobe PDF苹果(Apple)","支持,2倍光学变焦",,,苹果,"支持JPEG,PNG,GIF,BMP等格式",苹果iPhone Air,苹果A19 Pro点击型号查看完整天梯图,,"256GB,512GB,1TB","支持GPS,GLONASS,北斗,Galileo,QZSS,NavlC","打孔屏,多点触摸•多点触摸是什么•查看所有多点触摸苹果(Apple),电容屏•电容屏是什么•查看所有电容屏苹果(Apple),灵动岛功能",1000尼特最大亮度(典型)，1600尼特峰值亮度(HDR)，3000尼特峰值亮度(户外)，最小亮度为1尼特,2736×1260像素,"120Hz,ProMotion自适应刷新率技术",OLED•OLED是什么•查看所有OLED苹果(Apple),原彩显示，广色域显示 (P3),直板•直板手机是什么•查看所有直板苹果(Apple),"5G手机,智能手机•智能手机是什么•查看所有智能手机苹果(Apple),拍照手机•拍照手机是什么•查看所有拍照手机苹果(Apple),防水手机•三防机是什么•查看所有防水手机苹果(Apple)",,"云白色,浅金色,天蓝色,深空黑色",,【后置摄像头】光像引擎、深度融合技术、智能HDR5照片、夜间模式、新一代摄影风格新一代人像功能，支持焦点控制和景深控制人像光效，支持六种效果【前置摄像头】拍照人物居中、同步双拍、视频通话人物居中、视频超稳防抖、光像引擎、深度融合技术、智能HDR5照片新一代人像功能，支持焦点控制和景深控制夜间模式、新一代摄影风格,"自动对焦•自动对焦是什么•查看所有自动对焦苹果(Apple),光学防抖(OIS)","4800万像素,融合式主摄","后置单摄像头,前置单摄像头","iOS•iOS是什么•查看所有iOS苹果(Apple),26","USB Type C接口,USB 2.0•USB2.0是什么•查看所有USB 2.0苹果(Apple)",156.2×74.7×5.64mm,IP68防尘防水,165g,面部识别,不可拆卸式电池,"全网通,移动5G,联通5G,电信5G,广电5G,移动4G,联通4G,电信4G,广电4G,联通3G","支持蓝牙•蓝牙是什么•查看所有支持蓝牙苹果(Apple),蓝牙v6.0",【后置摄像头】4K杜比视界视频拍摄，最高可达60fps；同步双拍(最高可达4K杜比视界，30fps)；运动模式(最高可达2.8K杜比视界，60fps)；慢动作视频支持最高达1080p(240fps)；视频快录功能(拍摄杜比视界HDR视频时最高可达4K，60fps)；传感器位移式视频光学图像防抖功能；空间音频和立体声录音；风噪降低、混音【前置摄像头】4K杜比视界视频拍摄，最高可达60fps；慢动作视频支持1080p(120fps)；视频快录功能(拍摄杜比视界HDR视频时最高可达4K，60fps)；影院级视频防抖功能(4K、1080p和720p),支持视频播放•视频是什么•查看所有支持视频播放苹果(Apple),"手写输入•手写输入是什么•查看所有手写输入苹果(Apple),英文输入法•输入法是什么•查看所有英文输入法苹果(Apple),中文输入法•输入法是什么•查看所有中文输入法苹果(Apple),第三方输入法•输入法是什么•查看所有第三方输入法苹果(Apple)",虚拟触摸键盘,LED闪光灯•LED补光灯是什么•查看所有LED闪光灯苹果(Apple),"闹钟•闹钟是什么•查看所有闹钟苹果(Apple),日历•日历是什么•查看所有日历苹果(Apple),计算器•计算器是什么•查看所有计算器苹果(Apple),记事本•记事本是什么•查看所有记事本苹果(Apple),备忘录•备忘录是什么•查看所有备忘录苹果(Apple),世界时钟•时钟是什么•查看所有世界时钟苹果(Apple),定时器•定时器是什么•查看所有定时器苹果(Apple),秒表•秒表是什么•查看所有秒表苹果(Apple),自动开关机•自动开关机是什么•查看所有自动开关机苹果(Apple)",
2712299,,太平洋电脑网,"2025年,9月10日",,￥5999.0￥5999.0,6核，2个性能核心和4个能效核心,5核图形处理器，配备神经网络加速器，硬件加速光线追踪点击型号查看完整天梯图,支持MP3播放•MP3是什么•查看所有支持MP3播放苹果(Apple),支持,16核神经网络引擎,"nano SIM卡,双卡","支持WiFi,Wi-Fi 7,2.4G/5G双频,IEEE 802.11 a/b/g/n/ac/ax/be",apple,2026-06-23T10:56:53.259944,https://product.pconline.com.cn/mobile/apple/2712299_detail.html,2712299,https://product.pconline.com.cn/mobile/apple/2712299.html,"内置天线•天线是什么•查看所有内置天线苹果(Apple),时钟•时钟是什么•查看所有时钟苹果(Apple),内置震动•震动是什么•查看所有内置震动苹果(Apple),通话时间提示•通话时间是什么•查看所有通话时间提示苹果(Apple),免提通话•免提通话是什么•查看所有免提通话苹果(Apple),待机图片•待机图片是什么•查看所有待机图片苹果(Apple),来电铃声识别•来电铃声识别是什么•查看所有来电铃声识别苹果(Apple),录音功能•录音功能是什么•查看所有录音功能苹果(Apple),语音拨号•语音拨号是什么•查看所有语音拨号苹果(Apple),飞行模式•飞行模式是什么•查看所有飞行模式苹果(Apple)","距离感应•距离感应是什么•查看所有距离感应苹果(Apple),光线感应•光线感应是什么•查看所有光线感应苹果(Apple),加速度传感器•加速传感是什么•查看所有加速度传感器苹果(Apple),陀螺仪•陀螺仪是什么•查看所有陀螺仪苹果(Apple),气压计",460ppi,40W有线快充，15W无线快充,,全天候显示HDR显示2000000:1对比度(典型)触感触控,,,"LPDDR5X,8533MT/s",SOS紧急联络、车祸检测,"支持文档阅读•TXT是什么•查看所有支持文档阅读苹果(Apple),支持TXT•TXT是什么•查看所有支持TXT苹果(Apple),Office(word/excel/ppt)•Office是什么•查看所有Office(word/excel/ppt)苹果(Apple),Adobe PDF•PDF是什么•查看所有Adobe PDF苹果(Apple)","支持,2倍光学变焦","4800万像素,融合式超广角",,苹果,"支持JPEG,PNG,GIF,BMP等格式",苹果iPhone17,苹果A19点击型号查看完整天梯图,双扬声器,"256GB,512GB","支持GPS,GLONASS,北斗,Galileo,QZSS,NavlC","打孔屏,多点触摸•多点触摸是什么•查看所有多点触摸苹果(Apple),电容屏•电容屏是什么•查看所有电容屏苹果(Apple),灵动岛功能",1000尼特最大亮度(典型)，1600尼特峰值亮度(HDR)，3000尼特峰值亮度(户外)，最小亮度为1尼特,2622×1206像素,"120Hz,ProMotion自适应刷新率技术",OLED•OLED是什么•查看所有OLED苹果(Apple),原彩显示，广色域显示 (P3),直板•直板手机是什么•查看所有直板苹果(Apple),"5G手机,智能手机•智能手机是什么•查看所有智能手机苹果(Apple),拍照手机•拍照手机是什么•查看所有拍照手机苹果(Apple),防水手机•三防机是什么•查看所有防水手机苹果(Apple)",,"黑色,白色,薰衣草紫色,鼠尾草绿色,青雾蓝色",,【后置摄像头】光像引擎、深度融合技术、智能HDR5照片、夜间模式、新一代摄影风格、微距摄影、空间照片新一代人像功能，支持焦点控制和景深控制人像光效，支持六种效果【前置摄像头】拍照人物居中、同步双拍、视频通话人物居中、视频超稳防抖、光像引擎、深度融合技术、智能HDR5照片新一代人像功能，支持焦点控制和景深控制夜间模式、新一代摄影风格,"自动对焦•自动对焦是什么•查看所有自动对焦苹果(Apple),光学防抖(OIS)","4800万像素,融合式主摄","后置双摄像头,前置单摄像头","iOS•iOS是什么•查看所有iOS苹果(Apple),iOS26","USB Type C接口,USB 2.0•USB2.0是什么•查看所有USB 2.0苹果(Apple)",149.6×71.5×7.95mm,IP68防尘防水,177g,面部识别,不可拆卸式电池,"全网通,移动5G,联通5G,电信5G,广电5G,移动4G,联通4G,电信4G,广电4G,联通3G","支持蓝牙•蓝牙是什么•查看所有支持蓝牙苹果(Apple),蓝牙v6.0",【后置摄像头】4K杜比视界视频拍摄，最高可达60fps；电影效果模式可拍摄浅景深视频(最高可达4K杜比视界，30fps)；同步双拍(最高可达4K杜比视界，30fps)；运动模式(最高可达2.8K杜比视界，60fps)；空间视频拍摄，1080p(30fps)；微距视频拍摄，包括慢动作和延时摄影；慢动作视频支持最高达1080p(240fps)；视频快录功能(拍摄杜比视界HDR视频时最高可达4K，60fps)；传感器位移式光学图像防抖功能(融合式主摄)；空间音频和立体声录音；风噪降低、混音【前置摄像头】4K杜比视界视频拍摄，最高可达60fps；电影效果模式，最高可达4K杜比视界，30fps；慢动作视频支持1080p(120fps)；视频快录功能(拍摄杜比视界HDR视频时最高可达4K，60fps)；影院级视频防抖功能(4K、1080p和720p),支持视频播放•视频是什么•查看所有支持视频播放苹果(Apple),"手写输入•手写输入是什么•查看所有手写输入苹果(Apple),英文输入法•输入法是什么•查看所有英文输入法苹果(Apple),中文输入法•输入法是什么•查看所有中文输入法苹果(Apple),第三方输入法•输入法是什么•查看所有第三方输入法苹果(Apple)",虚拟触摸键盘,LED闪光灯•LED补光灯是什么•查看所有LED闪光灯苹果(Apple),"闹钟•闹钟是什么•查看所有闹钟苹果(Apple),日历•日历是什么•查看所有日历苹果(Apple),计算器•计算器是什么•查看所有计算器苹果(Apple),记事本•记事本是什么•查看所有记事本苹果(Apple),备忘录•备忘录是什么•查看所有备忘录苹果(Apple),世界时钟•时钟是什么•查看所有世界时钟苹果(Apple),定时器•定时器是什么•查看所有定时器苹果(Apple),秒表•秒表是什么•查看所有秒表苹果(Apple),自动开关机•自动开关机是什么•查看所有自动开关机苹果(Apple)",
2549159,,太平洋电脑网,"2025年,2月20日",,￥4299.0,6核中央处理器（2 个性能核心和 4 个能效核心），4 核图形处理器,,支持MP3播放•MP3是什么•查看所有支持MP3播放苹果(Apple),支持,,"nano SIM卡,双卡","Wi-Fi 6,支持2x2 MIMO",apple,2026-06-23T10:57:05.478288,https://product.pconline.com.cn/mobile/apple/2549159_detail.html,2549159,https://product.pconline.com.cn/mobile/apple/2549159.html,"内置天线•天线是什么•查看所有内置天线苹果(Apple),时钟•时钟是什么•查看所有时钟苹果(Apple),内置震动•震动是什么•查看所有内置震动苹果(Apple),通话时间提示•通话时间是什么•查看所有通话时间提示苹果(Apple),免提通话•免提通话是什么•查看所有免提通话苹果(Apple),待机图片•待机图片是什么•查看所有待机图片苹果(Apple),来电铃声识别•来电铃声识别是什么•查看所有来电铃声识别苹果(Apple),录音功能•录音功能是什么•查看所有录音功能苹果(Apple),语音拨号•语音拨号是什么•查看所有语音拨号苹果(Apple),飞行模式•飞行模式是什么•查看所有飞行模式苹果(Apple)","距离感应•距离感应是什么•查看所有距离感应苹果(Apple),光线感应•光线感应是什么•查看所有光线感应苹果(Apple),加速度传感器•加速传感是什么•查看所有加速度传感器苹果(Apple),陀螺仪•陀螺仪是什么•查看所有陀螺仪苹果(Apple),气压计,面容 ID",460ppi,20W有线充电，支持无线充电 (适配各类 Qi 充电器),,HDR 显示原彩显示2000000:1 对比度 (典型)800 尼特最大亮度 (典型)；1200 尼特峰值亮度 (HDR)采用防油渍防指纹涂层显示缩放便捷访问功能,,支持的格式包括 AAC、MP3、Apple 保真压缩、FLAC、杜比数字、杜比数字+、杜比全景声空间音频播放用户可调节音量上限,8GB,,"支持文档阅读•TXT是什么•查看所有支持文档阅读苹果(Apple),支持TXT•TXT是什么•查看所有支持TXT苹果(Apple),Office(word/excel/ppt)•Office是什么•查看所有Office(word/excel/ppt)苹果(Apple),Adobe PDF•PDF是什么•查看所有Adobe PDF苹果(Apple)","支持,10倍数码变焦",,,苹果,"支持JPEG,PNG,GIF,BMP等格式",苹果iPhone16e,A18点击型号查看完整天梯图,"Type-C耳机接口,立体声扬声器","128GB•手机rom是什么•查看所有128GB苹果(Apple),256GB,512GB","支持GPS,GLONASS,北斗,Galileo,QZSS,NavlC,iBeacon 微定位","多点触摸•多点触摸是什么•查看所有多点触摸苹果(Apple),电容屏•电容屏是什么•查看所有电容屏苹果(Apple)",,2532×1170像素,60Hz,OLED•OLED是什么•查看所有OLED苹果(Apple),广色域 (P3),直板•直板手机是什么•查看所有直板苹果(Apple),"5G手机,智能手机•智能手机是什么•查看所有智能手机苹果(Apple),防水手机•三防机是什么•查看所有防水手机苹果(Apple)",【A3410 型号】5G NR (频段 n1、n2、n3、n5、n7、n8、n12、n20、n25、n26、n28、n30、n38、n40、n41、n48、n66、n70、n75、n76、n77、n78、n79)FDD‑LTE (频段 1、2、3、4、5、7、8、12、13、17、18、19、20、25、26、28、30、32、66)TD‑LTE (频段 34、38、39、40、41、42、48)UMTS/HSPA+ (850、900、1700/2100、1900、2100 MHz)GSM/EDGE (850、900、1800、1900 MHz),"黑色,白色",,【后置摄像头】蓝宝石玻璃镜头表面原彩闪光灯光像引擎深度融合技术智能 HDR 5人像模式，支持景深控制人像光效，支持六种效果夜间模式全景模式 (最高可达 6300 万像素)摄影风格拍摄广色域的照片和实况照片先进的红眼校正功能自动图像防抖功能连拍模式照片地理标记功能图像拍摄格式：HEIF 和 JPEG【前置摄像头】Focus Pixels 自动对焦视网膜屏闪光灯光像引擎深度融合技术智能 HDR 5人像模式，支持景深控制人像光效，支持六种效果动话表情和拟我表情夜间模式摄影风格拍摄广色域的照片和实况照片镜头畸变校正自动图像防抖功能连拍模式,"自动对焦•自动对焦是什么•查看所有自动对焦苹果(Apple),光学防抖(OIS)","4800万像素,F1.6","后置单摄像头,前置单摄像头","iOS•iOS是什么•查看所有iOS苹果(Apple),iOS 18","USB Type C接口,USB 2 (最高可达 480Mb/s)",146.7×71.5×7.80mm,铝金属设计超瓷晶面板玻璃背板IP68级防尘防水,167g,面部识别,不可拆卸式电池,"全网通,移动5G,联通5G,电信5G,广电5G,移动4G,联通4G,电信4G,广电4G",蓝牙v5.3,【后置摄像头】4K 杜比视界视频拍摄，24 fps、25 fps、30 fps 或 60 fps1080p 杜比视界视频拍摄，25 fps、30 fps 或 60 fps720p 杜比视界视频拍摄，30 fps慢动作视频支持 1080p (120 fps 或 240 fps)延时摄影视频，支持防抖功能夜间模式延时摄影视频快录功能视频光学图像防抖功能最高可达 6 倍数码变焦音频变焦原彩闪光灯影院级视频防抖功能 (4K、1080p 和 720p)连续自动对焦视频4K 视频录制过程中拍摄 800 万像素静态照片变焦播放视频录制格式：HEVC 和 H.264空间音频和立体声录音风噪降低混音【前置摄像头】4K 杜比视界视频拍摄，24 fps、25 fps、30 fps 或 60 fps1080p 杜比视界视频拍摄，25 fps、30 fps 或 60 fps慢动作视频支持 1080p (120 fps)延时摄影视频，支持防抖功能夜间模式延时摄影视频快录功能影院级视频防抖功能 (4K、1080p 和 720p)空间音频和立体声录音风噪降低混音,支持视频播放•视频是什么•查看所有支持视频播放苹果(Apple),"手写输入•手写输入是什么•查看所有手写输入苹果(Apple),英文输入法•输入法是什么•查看所有英文输入法苹果(Apple),中文输入法•输入法是什么•查看所有中文输入法苹果(Apple),第三方输入法•输入法是什么•查看所有第三方输入法苹果(Apple)",虚拟触摸键盘,LED闪光灯•LED补光灯是什么•查看所有LED闪光灯苹果(Apple),"闹钟•闹钟是什么•查看所有闹钟苹果(Apple),日历•日历是什么•查看所有日历苹果(Apple),计算器•计算器是什么•查看所有计算器苹果(Apple),记事本•记事本是什么•查看所有记事本苹果(Apple),备忘录•备忘录是什么•查看所有备忘录苹果(Apple),世界时钟•时钟是什么•查看所有世界时钟苹果(Apple),定时器•定时器是什么•查看所有定时器苹果(Apple),秒表•秒表是什么•查看所有秒表苹果(Apple),自动开关机•自动开关机是什么•查看所有自动开关机苹果(Apple)",装有 iOS 18 的 iPhoneUSB‑C 充电线 (1 米)资料
2359779,,太平洋电脑网,"2024年,9月10日",,￥9799.0,6核，2个性能核心和4个能效核心,6核图形处理器点击型号查看完整天梯图,支持MP3播放•MP3是什么•查看所有支持MP3播放苹果(Apple),支持,16核神经网络引擎,"nano SIM卡,双卡","支持WiFi,Wi-Fi 7",apple,2026-06-23T10:57:18.308820,https://product.pconline.com.cn/mobile/apple/2359779_detail.html,2359779,https://product.pconline.com.cn/mobile/apple/2359779.html,"内置天线•天线是什么•查看所有内置天线苹果(Apple),时钟•时钟是什么•查看所有时钟苹果(Apple),内置震动•震动是什么•查看所有内置震动苹果(Apple),免提通话•免提通话是什么•查看所有免提通话苹果(Apple),待机图片•待机图片是什么•查看所有待机图片苹果(Apple),飞行模式•飞行模式是什么•查看所有飞行模式苹果(Apple)","距离感应•距离感应是什么•查看所有距离感应苹果(Apple),光线感应•光线感应是什么•查看所有光线感应苹果(Apple),加速度传感器•加速传感是什么•查看所有加速度传感器苹果(Apple),电子罗盘•电子罗盘是什么•查看所有电子罗盘苹果(Apple),陀螺仪•陀螺仪是什么•查看所有陀螺仪苹果(Apple),气压计,面容ID,激光雷达扫描仪",460ppi,,,灵动岛功能全天候显示HDR显示原彩显示广色域 (P3)触感触控2000000:1对比度 (典型)1000尼特最大亮度(典型)1600尼特峰值亮度(HDR)2000尼特峰值亮度(户外)最小亮度为1尼特采用防油渍防指纹涂层支持多种语言文字同时显示,,,,,"支持文档阅读•TXT是什么•查看所有支持文档阅读苹果(Apple),支持TXT•TXT是什么•查看所有支持TXT苹果(Apple),Office(word/excel/ppt)•Office是什么•查看所有Office(word/excel/ppt)苹果(Apple),Adobe PDF•PDF是什么•查看所有Adobe PDF苹果(Apple)","支持,5倍光学变焦,25倍数码变焦","4800万像素,超广角摄像头，F2.2","1200万像素,长焦摄像头，F2.8",苹果,"支持JPEG,PNG,GIF,BMP等格式",苹果iPhone 16 Pro Max,苹果A18 Pro点击型号查看完整天梯图,,"256GB,512GB,1TB","支持GPS,GLONASS,北斗,Galileo,QZSS,NavlC,数字指南针,无线局域网,蜂窝网络,iBeacon微定位","打孔屏,多点触摸•多点触摸是什么•查看所有多点触摸苹果(Apple),电容屏•电容屏是什么•查看所有电容屏苹果(Apple)",,2868×1320像素,"120Hz,ProMotion自适应刷新率技术",OLED•OLED是什么•查看所有OLED苹果(Apple),,直板•直板手机是什么•查看所有直板苹果(Apple),"5G手机,智能手机•智能手机是什么•查看所有智能手机苹果(Apple)",,"沙漠色钛金属, 原色钛金属,白色钛金属,黑色钛金属",无扩展卡功能,光像引擎深度融合技术智能HDR5新一代人像功能，支持焦点控制和景深控制人像光效，支持六种效果夜间模式夜间模式人像 (通过激光雷达扫描仪实现)全景模式 (最高可达6300万像素)新一代摄影风格空间照片4800万像素微距摄影Apple ProRAW拍摄广色域的照片和实况照片镜头畸变校正 (超广角)先进的红眼校正功能自动图像防抖功能连拍快照模式照片地理标记功能,自动对焦•自动对焦是什么•查看所有自动对焦苹果(Apple),"4800万像素,主摄，F1.78",后置三摄像头,"iOS•iOS是什么•查看所有iOS苹果(Apple),iOS 18","USB Type C接口,USB 3",163×77.6×8.25mm,,227g,面部识别,不可拆卸式电池,"全网通,移动5G,联通5G,电信5G,广电5G,移动4G,联通4G,电信4G,广电4G","支持蓝牙•蓝牙是什么•查看所有支持蓝牙苹果(Apple),蓝牙v5.3","4K杜比视界视频拍摄，24fps、25fps、30fps、60fps、100fps (融合式摄像头) 或120fps (融合式摄像头)1080p杜比视界视频拍摄，25fps、30fps、60fps，或120fps (融合式摄像头)720p杜比视界视频拍摄，30fps电影效果模式，最高可达 4K HDR，30fps运动模式，最高可达 2.8K，60fps空间视频拍摄，1080p (30fps)ProRes 视频拍摄，使用外置存储最高可达 4K，120fpsLog 模式视频拍摄学院色彩编码系统 (ACES)微距视频拍摄，包括慢动作和延时摄影慢动作视频支持 1080p最高达240fps和4K杜比视界最高达120fps(融合式摄像头)延时摄影视频，支持防抖功能夜间模式延时摄影视频快录功能 (拍摄杜比视界视频时最高可达 4K，60fps)第二代传感器位移式视频光学图像防抖功能 (融合式摄像头)3D传感器位移式视频光学图像防抖和自动对焦 (长焦)最高可达 25 倍数码变焦音频变焦原彩闪光灯影院级视频防抖功能 (4K、1080p和720p)连续自动对焦视频4K视频录制过程中拍摄800万像素静态照片变焦播放视频录制格式：HEVC、H.264和ProRes空间音频和立体声录音四个录音棚级麦克风风噪降低混音,4K杜比视界视频拍摄，24fps、25fps、30fps、60fps、100fps (融合式摄像头) 或120fps (融合式摄像头)1080p杜比视界视频拍摄，25fps、30fps、60fps，或120fps (融合式摄像头)720p杜比视界视频拍摄，30fps电影效果模式，最高可达 4K HDR，30fps运动模式，最高可达 2.8K，60fps空间视频拍摄，1080p (30fps)ProRes 视频拍摄，使用外置存储最高可达 4K，120fpsLog 模式视频拍摄学院色彩编码系统 (ACES)微距视频拍摄，包括慢动作和延时摄影慢动作视频支持 1080p最高达240fps和4K杜比视界最高达120fps(融合式摄像头)延时摄影视频，支持防抖功能夜间模式延时摄影视频快录功能 (拍摄杜比视界视频时最高可达 4K，60fps)第二代传感器位移式视频光学图像防抖功能 (融合式摄像头)3D传感器位移式视频光学图像防抖和自动对焦 (长焦)最高可达 25 倍数码变焦音频变焦原彩闪光灯影院级视频防抖功能 (4K、1080p和720p)连续自动对焦视频4K视频录制过程中拍摄800万像素静态照片变焦播放视频录制格式：HEVC、H.264和ProRes空间音频和立体声录音四个录音棚级麦克风风噪降低混音",支持视频播放•视频是什么•查看所有支持视频播放苹果(Apple),"手写输入•手写输入是什么•查看所有手写输入苹果(Apple),英文输入法•输入法是什么•查看所有英文输入法苹果(Apple),中文输入法•输入法是什么•查看所有中文输入法苹果(Apple),第三方输入法•输入法是什么•查看所有第三方输入法苹果(Apple)",虚拟触摸键盘,LED闪光灯•LED补光灯是什么•查看所有LED闪光灯苹果(Apple),"闹钟•闹钟是什么•查看所有闹钟苹果(Apple),日历•日历是什么•查看所有日历苹果(Apple),计算器•计算器是什么•查看所有计算器苹果(Apple),备忘录•备忘录是什么•查看所有备忘录苹果(Apple),定时器•定时器是什么•查看所有定时器苹果(Apple),秒表•秒表是什么•查看所有秒表苹果(Apple)",
2359719,,太平洋电脑网,"2024年,9月10日",,￥5899.0,2个性能核心和4个能效核心,5核图形处理器点击型号查看完整天梯图,支持MP3播放•MP3是什么•查看所有支持MP3播放苹果(Apple),支持,16核神经网络引擎,"nano SIM卡,双卡","Wi-Fi 7,2.4G/5G双频,支持2x2 MIMO",apple,2026-06-23T10:57:31.188845,https://product.pconline.com.cn/mobile/apple/2359719_detail.html,2359719,https://product.pconline.com.cn/mobile/apple/2359719.html,"内置天线•天线是什么•查看所有内置天线苹果(Apple),时钟•时钟是什么•查看所有时钟苹果(Apple),内置震动•震动是什么•查看所有内置震动苹果(Apple),通话时间提示•通话时间是什么•查看所有通话时间提示苹果(Apple),免提通话•免提通话是什么•查看所有免提通话苹果(Apple),待机图片•待机图片是什么•查看所有待机图片苹果(Apple),来电铃声识别•来电铃声识别是什么•查看所有来电铃声识别苹果(Apple),录音功能•录音功能是什么•查看所有录音功能苹果(Apple),语音拨号•语音拨号是什么•查看所有语音拨号苹果(Apple),飞行模式•飞行模式是什么•查看所有飞行模式苹果(Apple)","重力感应•重力感应是什么•查看所有重力感应苹果(Apple),距离感应•距离感应是什么•查看所有距离感应苹果(Apple),光线感应•光线感应是什么•查看所有光线感应苹果(Apple),加速度传感器•加速传感是什么•查看所有加速度传感器苹果(Apple),陀螺仪•陀螺仪是什么•查看所有陀螺仪苹果(Apple),气压计",460ppi,15W无线充电,,灵动岛功能HDR 显示原彩显示广色域 (P3)触感触控2000000:1 对比度 (典型)1000 尼特最大亮度 (典型)；1600 尼特峰值亮度 (HDR)；2000 尼特峰值亮度 (户外)；最小亮度为 1 尼特采用防油渍防指纹涂层支持多种语言文字同时显示,,,,,"支持文档阅读•TXT是什么•查看所有支持文档阅读苹果(Apple),支持TXT•TXT是什么•查看所有支持TXT苹果(Apple),Office(word/excel/ppt)•Office是什么•查看所有Office(word/excel/ppt)苹果(Apple),Adobe PDF•PDF是什么•查看所有Adobe PDF苹果(Apple)","支持,10倍数码变焦,4倍光学变焦,2倍光学变焦 (放大)，2倍光学变焦 (缩小)","1200万像素,超广角摄像头,F2.2",,苹果,"支持JPEG,PNG,GIF,BMP等格式",苹果iPhone 16 Plus,苹果A18点击型号查看完整天梯图,,"128GB•手机rom是什么•查看所有128GB苹果(Apple),256GB,512GB","支持GPS,GLONASS,北斗,Galileo,QZSS","打孔屏,多点触摸•多点触摸是什么•查看所有多点触摸苹果(Apple),电容屏•电容屏是什么•查看所有电容屏苹果(Apple)",,2796×1290像素,,OLED•OLED是什么•查看所有OLED苹果(Apple),,直板•直板手机是什么•查看所有直板苹果(Apple),"5G手机,智能手机•智能手机是什么•查看所有智能手机苹果(Apple),拍照手机•拍照手机是什么•查看所有拍照手机苹果(Apple),防水手机•三防机是什么•查看所有防水手机苹果(Apple)",,"黑色,白色,粉色,深青色,群青色",,【后置摄像头】相机控制蓝宝石玻璃镜头表面原彩闪光灯光像引擎深度融合技术智能 HDR 5新一代人像功能，支持焦点控制和景深控制人像光效，支持六种效果夜间模式全景模式 (最高可达 6300 万像素)新一代摄影风格空间照片微距摄影拍摄广色域的照片和实况照片镜头畸变校正 (超广角)先进的红眼校正功能自动图像防抖功能连拍快照模式照片地理标记功能图像拍摄格式：HEIF 和 JPEG【前置摄像头】Focus Pixels 自动对焦视网膜屏闪光灯光像引擎深度融合技术智能 HDR 5新一代人像功能，支持焦点控制和景深控制人像光效，支持六种效果动话表情和拟我表情夜间模式新一代摄影风格拍摄广色域的照片和实况照片镜头畸变校正自动图像防抖功能连拍快照模式,"自动对焦•自动对焦是什么•查看所有自动对焦苹果(Apple),相位对焦,人脸识别•人脸识别是什么•查看所有人脸识别苹果(Apple),全景拍摄•全景拍摄是什么•查看所有全景拍摄苹果(Apple),HDR,连拍功能•连拍功能是什么•查看所有连拍功能苹果(Apple)","4800万像素,主摄,F1.6","后置双摄像头,前置单摄像头","iOS•iOS是什么•查看所有iOS苹果(Apple),iOS18","USB Type C接口,USB 2.0•USB2.0是什么•查看所有USB 2.0苹果(Apple)",160.9×77.8×7.80mm,铝金属设计新一代超瓷晶面板融色玻璃背板 (黑色、粉色、深青色、群青色)效果在 IEC 60529 标准下达到 IP68 级别 (在最深 6 米的水下停留时间最长可达 30 分钟),199g,面部识别,不可拆卸式电池,"全网通,移动5G,联通5G,电信5G,移动4G,联通4G,电信4G,联通3G",蓝牙v5.3,"【后置摄像头】4K 杜比视界视频拍摄，24 fps、25 fps、30 fps 或 60 fps1080p 杜比视界视频拍摄，25 fps、30 fps 或 60 fps720p 杜比视界视频拍摄，30 fps电影效果模式，最高可达 4K HDR，30 fps运动模式，最高可达 2.8K，60 fps微距视频拍摄，包括慢动作和延时摄影慢动作视频支持 1080p (120 fps 或 240 fps)空间视频拍摄，1080p (30 fps)延时摄影视频，支持防抖功能夜间模式延时摄影视频快录功能 (拍摄杜比视界视频时最高可达 4K，60 fps)传感器位移式视频光学图像防抖功能 (融合式摄像头)最高可达 6 倍数码变焦音频变焦原彩闪光灯影院级视频防抖功能 (4K、1080p 和 720p)连续自动对焦视频4K 视频录制过程中拍摄 800 万像素静态照片变焦播放视频录制格式：HEVC 和 H.264空间音频和立体声录音风噪降低混音【前置摄像头】4K 杜比视界视频拍摄，24 fps、25 fps、30 fps 或 60 fps1080p 杜比视界视频拍摄，25 fps、30 fps 或 60 fps电影效果模式，最高可达 4K 杜比视界，30 fps慢动作视频支持 1080p (120 fps)延时摄影视频，支持防抖功能夜间模式延时摄影视频快录功能 (拍摄杜比视界视频时最高可达 4K，60 fps)影院级视频防抖功能 (4K、1080p 和 720p)空间音频和立体声录音,【后置摄像头】4K 杜比视界视频拍摄，24 fps、25 fps、30 fps 或 60 fps1080p 杜比视界视频拍摄，25 fps、30 fps 或 60 fps720p 杜比视界视频拍摄，30 fps电影效果模式，最高可达 4K HDR，30 fps运动模式，最高可达 2.8K，60 fps微距视频拍摄，包括慢动作和延时摄影慢动作视频支持 1080p (120 fps 或 240 fps)空间视频拍摄，1080p (30 fps)延时摄影视频，支持防抖功能夜间模式延时摄影视频快录功能 (拍摄杜比视界视频时最高可达 4K，60 fps)传感器位移式视频光学图像防抖功能 (融合式摄像头)最高可达 6 倍数码变焦音频变焦原彩闪光灯影院级视频防抖功能 (4K、1080p 和 720p)连续自动对焦视频4K 视频录制过程中拍摄 800 万像素静态照片变焦播放视频录制格式：HEVC 和 H.264空间音频和立体声录音风噪降低混音【前置摄像头】4K 杜比视界视频拍摄，24 fps、25 fps、30 fps 或 60 fps1080p 杜比视界视频拍摄，25 fps、30 fps 或 60 fps电影效果模式，最高可达 4K 杜比视界，30 fps慢动作视频支持 1080p (120 fps)延时摄影视频，支持防抖功能夜间模式延时摄影视频快录功能 (拍摄杜比视界视频时最高可达 4K，60 fps)影院级视频防抖功能 (4K、1080p 和 720p)空间音频和立体声录音",支持视频播放•视频是什么•查看所有支持视频播放苹果(Apple),"手写输入•手写输入是什么•查看所有手写输入苹果(Apple),英文输入法•输入法是什么•查看所有英文输入法苹果(Apple),中文输入法•输入法是什么•查看所有中文输入法苹果(Apple),第三方输入法•输入法是什么•查看所有第三方输入法苹果(Apple)",虚拟触摸键盘,LED闪光灯•LED补光灯是什么•查看所有LED闪光灯苹果(Apple),"闹钟•闹钟是什么•查看所有闹钟苹果(Apple),日历•日历是什么•查看所有日历苹果(Apple),计算器•计算器是什么•查看所有计算器苹果(Apple),记事本•记事本是什么•查看所有记事本苹果(Apple),备忘录•备忘录是什么•查看所有备忘录苹果(Apple),世界时钟•时钟是什么•查看所有世界时钟苹果(Apple),定时器•定时器是什么•查看所有定时器苹果(Apple),秒表•秒表是什么•查看所有秒表苹果(Apple),自动开关机•自动开关机是什么•查看所有自动开关机苹果(Apple)",装有 iOS 18 的 iPhoneUSB‑C 充电线 (1 米)资料
584769,,太平洋电脑网,"2024年,9月10日",,￥6666.0,6核，2个性能核心和4个能效核心,6核图形处理器点击型号查看完整天梯图,支持MP3播放•MP3是什么•查看所有支持MP3播放苹果(Apple),支持,16核神经网络引擎,"nano SIM卡,双卡","支持WiFi,Wi-Fi 7",apple,2026-06-23T10:57:57.623174,https://product.pconline.com.cn/mobile/apple/584769_detail.html,584769,https://product.pconline.com.cn/mobile/apple/584769.html,"内置天线•天线是什么•查看所有内置天线苹果(Apple),时钟•时钟是什么•查看所有时钟苹果(Apple),内置震动•震动是什么•查看所有内置震动苹果(Apple),免提通话•免提通话是什么•查看所有免提通话苹果(Apple),待机图片•待机图片是什么•查看所有待机图片苹果(Apple),飞行模式•飞行模式是什么•查看所有飞行模式苹果(Apple)","距离感应•距离感应是什么•查看所有距离感应苹果(Apple),光线感应•光线感应是什么•查看所有光线感应苹果(Apple),加速度传感器•加速传感是什么•查看所有加速度传感器苹果(Apple),电子罗盘•电子罗盘是什么•查看所有电子罗盘苹果(Apple),陀螺仪•陀螺仪是什么•查看所有陀螺仪苹果(Apple),气压计,面容ID,激光雷达扫描仪",460ppi,,,灵动岛功能全天候显示HDR显示原彩显示广色域 (P3)触感触控2000000:1对比度 (典型)1000尼特最大亮度(典型)1600尼特峰值亮度(HDR)2000尼特峰值亮度(户外)最小亮度为1尼特采用防油渍防指纹涂层支持多种语言文字同时显示,,,,,"支持文档阅读•TXT是什么•查看所有支持文档阅读苹果(Apple),支持TXT•TXT是什么•查看所有支持TXT苹果(Apple),Office(word/excel/ppt)•Office是什么•查看所有Office(word/excel/ppt)苹果(Apple),Adobe PDF•PDF是什么•查看所有Adobe PDF苹果(Apple)","支持,5倍光学变焦,25倍数码变焦","4800万像素,超广角摄像头，F2.2","1200万像素,长焦摄像头，F2.8",苹果,"支持JPEG,PNG,GIF,BMP等格式",苹果iPhone 16 Pro,苹果A18 Pro点击型号查看完整天梯图,,"128GB•手机rom是什么•查看所有128GB苹果(Apple),256GB,512GB,1TB","支持GPS,GLONASS,北斗,Galileo,QZSS,NavlC,数字指南针,无线局域网,蜂窝网络,iBeacon微定位","打孔屏,多点触摸•多点触摸是什么•查看所有多点触摸苹果(Apple),电容屏•电容屏是什么•查看所有电容屏苹果(Apple)",,2622×1206像素,"120Hz,ProMotion自适应刷新率技术",OLED•OLED是什么•查看所有OLED苹果(Apple),,直板•直板手机是什么•查看所有直板苹果(Apple),"5G手机,智能手机•智能手机是什么•查看所有智能手机苹果(Apple),拍照手机",,"沙漠色钛金属, 原色钛金属,白色钛金属,黑色钛金属",无扩展卡功能,光像引擎深度融合技术智能HDR5新一代人像功能，支持焦点控制和景深控制人像光效，支持六种效果夜间模式夜间模式人像 (通过激光雷达扫描仪实现)全景模式 (最高可达6300万像素)新一代摄影风格空间照片4800万像素微距摄影Apple ProRAW拍摄广色域的照片和实况照片镜头畸变校正 (超广角)先进的红眼校正功能自动图像防抖功能连拍快照模式照片地理标记功能,自动对焦•自动对焦是什么•查看所有自动对焦苹果(Apple),"4800万像素,主摄，F1.78",后置三摄像头,"iOS•iOS是什么•查看所有iOS苹果(Apple),iOS 18","USB Type C接口,USB 3",149.6×71.5×8.25mm,,199g,面部识别,不可拆卸式电池,"全网通,移动5G,联通5G,电信5G,广电5G,移动4G,联通4G,电信4G,广电4G","支持蓝牙•蓝牙是什么•查看所有支持蓝牙苹果(Apple),蓝牙v5.3",4K杜比视界视频拍摄，24fps、25fps、30fps、60fps、100fps (融合式摄像头) 或120fps (融合式摄像头)1080p杜比视界视频拍摄，25fps、30fps、60fps，或120fps (融合式摄像头)720p杜比视界视频拍摄，30fps电影效果模式，最高可达 4K HDR，30fps运动模式，最高可达 2.8K，60fps空间视频拍摄，1080p (30fps)ProRes 视频拍摄，使用外置存储最高可达 4K，120fpsLog 模式视频拍摄学院色彩编码系统 (ACES)微距视频拍摄，包括慢动作和延时摄影慢动作视频支持 1080p最高达240fps和4K杜比视界最高达120fps(融合式摄像头)延时摄影视频，支持防抖功能夜间模式延时摄影视频快录功能 (拍摄杜比视界视频时最高可达 4K，60fps)第二代传感器位移式视频光学图像防抖功能 (融合式摄像头)3D传感器位移式视频光学图像防抖和自动对焦 (长焦)最高可达 25 倍数码变焦音频变焦原彩闪光灯影院级视频防抖功能 (4K、1080p和720p)连续自动对焦视频4K视频录制过程中拍摄800万像素静态照片变焦播放视频录制格式：HEVC、H.264和ProRes空间音频和立体声录音四个录音棚级麦克风风噪降低混音,支持视频播放•视频是什么•查看所有支持视频播放苹果(Apple),"手写输入•手写输入是什么•查看所有手写输入苹果(Apple),英文输入法•输入法是什么•查看所有英文输入法苹果(Apple),中文输入法•输入法是什么•查看所有中文输入法苹果(Apple),第三方输入法•输入法是什么•查看所有第三方输入法苹果(Apple)",虚拟触摸键盘,LED闪光灯•LED补光灯是什么•查看所有LED闪光灯苹果(Apple),"闹钟•闹钟是什么•查看所有闹钟苹果(Apple),日历•日历是什么•查看所有日历苹果(Apple),计算器•计算器是什么•查看所有计算器苹果(Apple),备忘录•备忘录是什么•查看所有备忘录苹果(Apple),定时器•定时器是什么•查看所有定时器苹果(Apple),秒表•秒表是什么•查看所有秒表苹果(Apple)",
1936067,,太平洋电脑网,"2024年,9月10日",,￥5099.0,2个性能核心和4个能效核心,5核图形处理器点击型号查看完整天梯图,支持MP3播放•MP3是什么•查看所有支持MP3播放苹果(Apple),支持,16核神经网络引擎,"nano SIM卡,双卡","Wi-Fi 7,2.4G/5G双频,支持2x2 MIMO",apple,2026-06-23T10:57:44.389211,https://product.pconline.com.cn/mobile/apple/1936067_detail.html,1936067,https://product.pconline.com.cn/mobile/apple/1936067.html,"内置天线•天线是什么•查看所有内置天线苹果(Apple),时钟•时钟是什么•查看所有时钟苹果(Apple),内置震动•震动是什么•查看所有内置震动苹果(Apple),通话时间提示•通话时间是什么•查看所有通话时间提示苹果(Apple),免提通话•免提通话是什么•查看所有免提通话苹果(Apple),待机图片•待机图片是什么•查看所有待机图片苹果(Apple),来电铃声识别•来电铃声识别是什么•查看所有来电铃声识别苹果(Apple),录音功能•录音功能是什么•查看所有录音功能苹果(Apple),语音拨号•语音拨号是什么•查看所有语音拨号苹果(Apple),飞行模式•飞行模式是什么•查看所有飞行模式苹果(Apple)","重力感应•重力感应是什么•查看所有重力感应苹果(Apple),距离感应•距离感应是什么•查看所有距离感应苹果(Apple),光线感应•光线感应是什么•查看所有光线感应苹果(Apple),加速度传感器•加速传感是什么•查看所有加速度传感器苹果(Apple),陀螺仪•陀螺仪是什么•查看所有陀螺仪苹果(Apple),气压计",460ppi,15W无线充电,,灵动岛功能HDR 显示原彩显示广色域 (P3)触感触控2000000:1 对比度 (典型)1000 尼特最大亮度 (典型)；1600 尼特峰值亮度 (HDR)；2000 尼特峰值亮度 (户外)；最小亮度为 1 尼特采用防油渍防指纹涂层支持多种语言文字同时显示,,,,,"支持文档阅读•TXT是什么•查看所有支持文档阅读苹果(Apple),支持TXT•TXT是什么•查看所有支持TXT苹果(Apple),Office(word/excel/ppt)•Office是什么•查看所有Office(word/excel/ppt)苹果(Apple),Adobe PDF•PDF是什么•查看所有Adobe PDF苹果(Apple)","支持,10倍数码变焦,4倍光学变焦,2倍光学变焦 (放大)，2倍光学变焦 (缩小)","1200万像素,超广角摄像头,F2.2",,苹果,"支持JPEG,PNG,GIF,BMP等格式",苹果iPhone 16,苹果A18点击型号查看完整天梯图,,"128GB•手机rom是什么•查看所有128GB苹果(Apple),256GB,512GB","支持GPS,GLONASS,北斗,Galileo,QZSS","打孔屏,多点触摸•多点触摸是什么•查看所有多点触摸苹果(Apple),电容屏•电容屏是什么•查看所有电容屏苹果(Apple)",,2556×1179像素,,OLED•OLED是什么•查看所有OLED苹果(Apple),,直板•直板手机是什么•查看所有直板苹果(Apple),"5G手机,智能手机•智能手机是什么•查看所有智能手机苹果(Apple),拍照手机•拍照手机是什么•查看所有拍照手机苹果(Apple),防水手机•三防机是什么•查看所有防水手机苹果(Apple)",,"黑色,白色,粉色,深青色,群青色",,【后置摄像头】相机控制蓝宝石玻璃镜头表面原彩闪光灯光像引擎深度融合技术智能 HDR 5新一代人像功能，支持焦点控制和景深控制人像光效，支持六种效果夜间模式全景模式 (最高可达 6300 万像素)新一代摄影风格空间照片微距摄影拍摄广色域的照片和实况照片镜头畸变校正 (超广角)先进的红眼校正功能自动图像防抖功能连拍快照模式照片地理标记功能图像拍摄格式：HEIF 和 JPEG【前置摄像头】Focus Pixels 自动对焦视网膜屏闪光灯光像引擎深度融合技术智能 HDR 5新一代人像功能，支持焦点控制和景深控制人像光效，支持六种效果动话表情和拟我表情夜间模式新一代摄影风格拍摄广色域的照片和实况照片镜头畸变校正自动图像防抖功能连拍快照模式,"自动对焦•自动对焦是什么•查看所有自动对焦苹果(Apple),相位对焦,人脸识别•人脸识别是什么•查看所有人脸识别苹果(Apple),全景拍摄•全景拍摄是什么•查看所有全景拍摄苹果(Apple),HDR,连拍功能•连拍功能是什么•查看所有连拍功能苹果(Apple)","4800万像素,主摄,F1.6","后置双摄像头,前置单摄像头","iOS•iOS是什么•查看所有iOS苹果(Apple),iOS18","USB Type C接口,USB 2.0•USB2.0是什么•查看所有USB 2.0苹果(Apple)",147.6×71.6×7.80mm,铝金属设计新一代超瓷晶面板融色玻璃背板 (黑色、粉色、深青色、群青色)效果在 IEC 60529 标准下达到 IP68 级别 (在最深 6 米的水下停留时间最长可达 30 分钟),170g,面部识别,不可拆卸式电池,"全网通,移动5G,联通5G,电信5G,移动4G,联通4G,电信4G,联通3G",蓝牙v5.3,【后置摄像头】4K 杜比视界视频拍摄，24 fps、25 fps、30 fps 或 60 fps1080p 杜比视界视频拍摄，25 fps、30 fps 或 60 fps720p 杜比视界视频拍摄，30 fps电影效果模式，最高可达 4K HDR，30 fps运动模式，最高可达 2.8K，60 fps微距视频拍摄，包括慢动作和延时摄影慢动作视频支持 1080p (120 fps 或 240 fps)空间视频拍摄，1080p (30 fps)延时摄影视频，支持防抖功能夜间模式延时摄影视频快录功能 (拍摄杜比视界视频时最高可达 4K，60 fps)传感器位移式视频光学图像防抖功能 (融合式摄像头)最高可达 6 倍数码变焦音频变焦原彩闪光灯影院级视频防抖功能 (4K、1080p 和 720p)连续自动对焦视频4K 视频录制过程中拍摄 800 万像素静态照片变焦播放视频录制格式：HEVC 和 H.264空间音频和立体声录音风噪降低混音【前置摄像头】4K 杜比视界视频拍摄，24 fps、25 fps、30 fps 或 60 fps1080p 杜比视界视频拍摄，25 fps、30 fps 或 60 fps电影效果模式，最高可达 4K 杜比视界，30 fps慢动作视频支持 1080p (120 fps)延时摄影视频，支持防抖功能夜间模式延时摄影视频快录功能 (拍摄杜比视界视频时最高可达 4K，60 fps)影院级视频防抖功能 (4K、1080p 和 720p)空间音频和立体声录音,支持视频播放•视频是什么•查看所有支持视频播放苹果(Apple),"手写输入•手写输入是什么•查看所有手写输入苹果(Apple),英文输入法•输入法是什么•查看所有英文输入法苹果(Apple),中文输入法•输入法是什么•查看所有中文输入法苹果(Apple),第三方输入法•输入法是什么•查看所有第三方输入法苹果(Apple)",虚拟触摸键盘,LED闪光灯•LED补光灯是什么•查看所有LED闪光灯苹果(Apple),"闹钟•闹钟是什么•查看所有闹钟苹果(Apple),日历•日历是什么•查看所有日历苹果(Apple),计算器•计算器是什么•查看所有计算器苹果(Apple),记事本•记事本是什么•查看所有记事本苹果(Apple),备忘录•备忘录是什么•查看所有备忘录苹果(Apple),世界时钟•时钟是什么•查看所有世界时钟苹果(Apple),定时器•定时器是什么•查看所有定时器苹果(Apple),秒表•秒表是什么•查看所有秒表苹果(Apple),自动开关机•自动开关机是什么•查看所有自动开关机苹果(Apple)",装有 iOS 18 的 iPhoneUSB‑C 充电线 (1 米)资料
1936087,,太平洋电脑网,"2023年,9月13日",,￥5199.0,,自研五核心(A16)点击型号查看完整天梯图,支持MP3播放•MP3是什么•查看所有支持MP3播放苹果(Apple),支持,16核神经网络引擎,"nano SIM卡,双卡","支持WiFi,Wi-Fi 6,2.4G/5G双频",apple,2026-06-23T10:58:23.139202,https://product.pconline.com.cn/mobile/apple/1936087_detail.html,1936087,https://product.pconline.com.cn/mobile/apple/1936087.html,"内置天线•天线是什么•查看所有内置天线苹果(Apple),时钟•时钟是什么•查看所有时钟苹果(Apple),内置震动•震动是什么•查看所有内置震动苹果(Apple),通话时间提示•通话时间是什么•查看所有通话时间提示苹果(Apple),免提通话•免提通话是什么•查看所有免提通话苹果(Apple),待机图片•待机图片是什么•查看所有待机图片苹果(Apple),来电铃声识别•来电铃声识别是什么•查看所有来电铃声识别苹果(Apple),录音功能•录音功能是什么•查看所有录音功能苹果(Apple),语音拨号•语音拨号是什么•查看所有语音拨号苹果(Apple),飞行模式•飞行模式是什么•查看所有飞行模式苹果(Apple)","重力感应•重力感应是什么•查看所有重力感应苹果(Apple),距离感应•距离感应是什么•查看所有距离感应苹果(Apple),光线感应•光线感应是什么•查看所有光线感应苹果(Apple),加速度传感器•加速传感是什么•查看所有加速度传感器苹果(Apple),陀螺仪•陀螺仪是什么•查看所有陀螺仪苹果(Apple),气压计",460ppi,,,超视网膜XDR显示屏HDR显示原彩显示1000尼特最大亮度(典型)1600尼特峰值亮度(HDR)2000尼特峰值亮度(户外)灵动岛功能,,,6GB,,"支持文档阅读•TXT是什么•查看所有支持文档阅读苹果(Apple),支持TXT•TXT是什么•查看所有支持TXT苹果(Apple),Office(word/excel/ppt)•Office是什么•查看所有Office(word/excel/ppt)苹果(Apple),Adobe PDF•PDF是什么•查看所有Adobe PDF苹果(Apple)","支持,0.5倍、1倍、2倍光学变焦","1200万像素,超广角摄像头,F2.4",,苹果,"支持JPEG,PNG,GIF,BMP等格式",苹果iPhone 15 Plus,苹果A16点击型号查看完整天梯图,,"128GB•手机rom是什么•查看所有128GB苹果(Apple),256GB,512GB","支持GPS,GLONASS,北斗,Galileo,QZSS","打孔屏,多点触摸•多点触摸是什么•查看所有多点触摸苹果(Apple),电容屏•电容屏是什么•查看所有电容屏苹果(Apple)",,2796×1290像素,,OLED•OLED是什么•查看所有OLED苹果(Apple),广色域显示(P3),直板•直板手机是什么•查看所有直板苹果(Apple),"5G手机,智能手机•智能手机是什么•查看所有智能手机苹果(Apple),拍照手机•拍照手机是什么•查看所有拍照手机苹果(Apple),防水手机•三防机是什么•查看所有防水手机苹果(Apple)",,"黑色,黄色,粉色,蓝色,绿色",,【后置摄像头】光像引擎深度融合技术智能HDR 5照片新一代人像功能，支持焦点控制和景深控制人像光效，支持六种效果夜间模式摄影风格,"自动对焦•自动对焦是什么•查看所有自动对焦苹果(Apple),全景拍摄•全景拍摄是什么•查看所有全景拍摄苹果(Apple),HDR,连拍功能•连拍功能是什么•查看所有连拍功能苹果(Apple),光学防抖(OIS)","4800万像素,主摄,F1.6","后置双摄像头,前置单摄像头","iOS•iOS是什么•查看所有iOS苹果(Apple),iOS17","USB Type C接口,USB 2.0•USB2.0是什么•查看所有USB 2.0苹果(Apple)",160.9×77.8×7.8mm,铝金属搭配融色玻璃背板，响铃/静音切换IP68级别(在最深6米的水下停留时间最长可达30分钟),201g,,不可拆卸式电池,"全网通,移动5G,联通5G,电信5G,移动4G,联通4G,电信4G,联通3G","支持蓝牙•蓝牙是什么•查看所有支持蓝牙苹果(Apple),蓝牙v5.3",【后置摄像头】4K视频拍摄，24fps、25fps、30fps或60fps1080p高清视频拍摄，25fps、30fps或60fps电影效果模式可拍摄浅景深视频(最高可达4K HDR，30fps)运动模式杜比视界HDR视频拍摄，最高可达4K，60fps慢动作视频，1080p(120fps或240fps)延时摄影视频，支持防抖功能夜间模式延时摄影视频快录功能传感器位移式视频光学图像防抖功能音频变焦立体声录音,支持视频播放•视频是什么•查看所有支持视频播放苹果(Apple),"手写输入•手写输入是什么•查看所有手写输入苹果(Apple),英文输入法•输入法是什么•查看所有英文输入法苹果(Apple),中文输入法•输入法是什么•查看所有中文输入法苹果(Apple),第三方输入法•输入法是什么•查看所有第三方输入法苹果(Apple)",虚拟触摸键盘,LED闪光灯•LED补光灯是什么•查看所有LED闪光灯苹果(Apple),"闹钟•闹钟是什么•查看所有闹钟苹果(Apple),日历•日历是什么•查看所有日历苹果(Apple),计算器•计算器是什么•查看所有计算器苹果(Apple),记事本•记事本是什么•查看所有记事本苹果(Apple),备忘录•备忘录是什么•查看所有备忘录苹果(Apple),世界时钟•时钟是什么•查看所有世界时钟苹果(Apple),定时器•定时器是什么•查看所有定时器苹果(Apple),秒表•秒表是什么•查看所有秒表苹果(Apple),自动开关机•自动开关机是什么•查看所有自动开关机苹果(Apple)",
1937667,,太平洋电脑网,"2023年,9月13日",,,,自研六核心(A17 Pro)点击型号查看完整天梯图,支持MP3播放•MP3是什么•查看所有支持MP3播放苹果(Apple),,,"nano SIM卡,双卡","支持WiFi,Wi-Fi 6E,2.4G/5G双频,IEEE 802.11 a/b/g/n/ac/ax",apple,2026-06-23T10:58:10.539591,https://product.pconline.com.cn/mobile/apple/1937667_detail.html,1937667,https://product.pconline.com.cn/mobile/apple/1937667.html,"内置天线•天线是什么•查看所有内置天线苹果(Apple),时钟•时钟是什么•查看所有时钟苹果(Apple),内置震动•震动是什么•查看所有内置震动苹果(Apple),通话时间提示•通话时间是什么•查看所有通话时间提示苹果(Apple),免提通话•免提通话是什么•查看所有免提通话苹果(Apple),待机图片•待机图片是什么•查看所有待机图片苹果(Apple),来电铃声识别•来电铃声识别是什么•查看所有来电铃声识别苹果(Apple),录音功能•录音功能是什么•查看所有录音功能苹果(Apple),语音拨号•语音拨号是什么•查看所有语音拨号苹果(Apple),飞行模式•飞行模式是什么•查看所有飞行模式苹果(Apple)","重力感应•重力感应是什么•查看所有重力感应苹果(Apple),距离感应•距离感应是什么•查看所有距离感应苹果(Apple),光线感应•光线感应是什么•查看所有光线感应苹果(Apple),加速度传感器•加速传感是什么•查看所有加速度传感器苹果(Apple),陀螺仪•陀螺仪是什么•查看所有陀螺仪苹果(Apple)",,,,,,,8GB,,"支持文档阅读•TXT是什么•查看所有支持文档阅读苹果(Apple),支持TXT•TXT是什么•查看所有支持TXT苹果(Apple),Office(word/excel/ppt)•Office是什么•查看所有Office(word/excel/ppt)苹果(Apple),Adobe PDF•PDF是什么•查看所有Adobe PDF苹果(Apple)","支持,5倍光学变焦,25倍数码变焦","1200万像素,超广角摄像头,F2.2","1200万像素,5倍长焦摄像头,F2.8",苹果,"支持JPEG,PNG,GIF,BMP等格式",苹果iPhone 15 Pro Max,苹果A17 Pro点击型号查看完整天梯图,"Type-C耳机接口,双扬声器","256GB,512GB,1TB","支持GPS,GLONASS,北斗,Galileo,QZSS,支持A-GPS•A-GPS是什么•查看所有支持A-GPS苹果(Apple)","打孔屏,多点触摸•多点触摸是什么•查看所有多点触摸苹果(Apple),电容屏•电容屏是什么•查看所有电容屏苹果(Apple)",,2796×1290像素,120Hz,AMOLED•AMOLED是什么•查看所有AMOLED苹果(Apple),,直板•直板手机是什么•查看所有直板苹果(Apple),"5G手机,智能手机•智能手机是什么•查看所有智能手机苹果(Apple),拍照手机•拍照手机是什么•查看所有拍照手机苹果(Apple),防水手机•三防机是什么•查看所有防水手机苹果(Apple)",,"黑色钛金属,白色钛金属,蓝色钛金属,原色钛金属",无扩展卡功能,,"自动对焦•自动对焦是什么•查看所有自动对焦苹果(Apple),相位对焦,人脸识别•人脸识别是什么•查看所有人脸识别苹果(Apple),全景拍摄•全景拍摄是什么•查看所有全景拍摄苹果(Apple),HDR,连拍功能•连拍功能是什么•查看所有连拍功能苹果(Apple),传感器位移式光学图像防抖","4800万像素,主摄,F1.78","后置三摄像头,前置单摄像头","iOS•iOS是什么•查看所有iOS苹果(Apple),iOS17","USB Type C接口,USB 3.0",159.9×76.7×8.25mm,,221g,,不可拆卸式电池,"全网通,移动5G,联通5G,电信5G,广电5G,移动4G,联通4G,电信4G,广电4G,联通3G","支持蓝牙•蓝牙是什么•查看所有支持蓝牙苹果(Apple),蓝牙v5.3",,支持视频播放•视频是什么•查看所有支持视频播放苹果(Apple),"手写输入•手写输入是什么•查看所有手写输入苹果(Apple),英文输入法•输入法是什么•查看所有英文输入法苹果(Apple),中文输入法•输入法是什么•查看所有中文输入法苹果(Apple),第三方输入法•输入法是什么•查看所有第三方输入法苹果(Apple)",虚拟触摸键盘,LED闪光灯•LED补光灯是什么•查看所有LED闪光灯苹果(Apple),"闹钟•闹钟是什么•查看所有闹钟苹果(Apple),日历•日历是什么•查看所有日历苹果(Apple),计算器•计算器是什么•查看所有计算器苹果(Apple),记事本•记事本是什么•查看所有记事本苹果(Apple),备忘录•备忘录是什么•查看所有备忘录苹果(Apple),世界时钟•时钟是什么•查看所有世界时钟苹果(Apple),定时器•定时器是什么•查看所有定时器苹果(Apple),秒表•秒表是什么•查看所有秒表苹果(Apple),自动开关机•自动开关机是什么•查看所有自动开关机苹果(Apple)",
1199832,,太平洋电脑网,"2023年,9月13日",,￥4399.0,6核中央处理器（2个性能核心和4个能效核心）,自研五核心(A16)点击型号查看完整天梯图,支持MP3播放•MP3是什么•查看所有支持MP3播放苹果(Apple),支持,16核神经网络引擎,"nano SIM卡,双卡","支持WiFi,Wi-Fi 6,2.4G/5G双频,IEEE 802.11 a/b/g/n/ac/ax",apple,2026-06-23T10:58:37.387465,https://product.pconline.com.cn/mobile/apple/1199832_detail.html,1199832,https://product.pconline.com.cn/mobile/apple/1199832.html,"内置天线•天线是什么•查看所有内置天线苹果(Apple),时钟•时钟是什么•查看所有时钟苹果(Apple),内置震动•震动是什么•查看所有内置震动苹果(Apple),通话时间提示•通话时间是什么•查看所有通话时间提示苹果(Apple),免提通话•免提通话是什么•查看所有免提通话苹果(Apple),待机图片•待机图片是什么•查看所有待机图片苹果(Apple),来电铃声识别•来电铃声识别是什么•查看所有来电铃声识别苹果(Apple),录音功能•录音功能是什么•查看所有录音功能苹果(Apple),语音拨号•语音拨号是什么•查看所有语音拨号苹果(Apple),飞行模式•飞行模式是什么•查看所有飞行模式苹果(Apple)","重力感应•重力感应是什么•查看所有重力感应苹果(Apple),距离感应•距离感应是什么•查看所有距离感应苹果(Apple),光线感应•光线感应是什么•查看所有光线感应苹果(Apple),加速度传感器•加速传感是什么•查看所有加速度传感器苹果(Apple),陀螺仪•陀螺仪是什么•查看所有陀螺仪苹果(Apple),气压计",460ppi,,A3092,超视网膜XDR显示屏HDR显示原彩显示1000尼特最大亮度(典型)1600尼特峰值亮度(HDR)2000尼特峰值亮度(户外)灵动岛功能,,,6GB,,"支持文档阅读•TXT是什么•查看所有支持文档阅读苹果(Apple),支持TXT•TXT是什么•查看所有支持TXT苹果(Apple),Office(word/excel/ppt)•Office是什么•查看所有Office(word/excel/ppt)苹果(Apple),Adobe PDF•PDF是什么•查看所有Adobe PDF苹果(Apple)","支持,0.5倍、1倍、2倍光学变焦","1200万像素,超广角摄像头,F2.4",,苹果,"支持JPEG,PNG,GIF,BMP等格式",苹果iPhone 15,苹果A16点击型号查看完整天梯图,,"128GB•手机rom是什么•查看所有128GB苹果(Apple),256GB,512GB","支持GPS,GLONASS,北斗,Galileo,QZSS","打孔屏,多点触摸•多点触摸是什么•查看所有多点触摸苹果(Apple),电容屏•电容屏是什么•查看所有电容屏苹果(Apple)",,2556×1179像素,,OLED•OLED是什么•查看所有OLED苹果(Apple),广色域显示(P3),直板•直板手机是什么•查看所有直板苹果(Apple),"5G手机,智能手机•智能手机是什么•查看所有智能手机苹果(Apple),拍照手机•拍照手机是什么•查看所有拍照手机苹果(Apple),防水手机•三防机是什么•查看所有防水手机苹果(Apple)",,"黑色,黄色,粉色,蓝色,绿色",,【后置摄像头】光像引擎深度融合技术智能HDR 5照片新一代人像功能，支持焦点控制和景深控制人像光效，支持六种效果夜间模式摄影风格,"自动对焦•自动对焦是什么•查看所有自动对焦苹果(Apple),全景拍摄•全景拍摄是什么•查看所有全景拍摄苹果(Apple),HDR,连拍功能•连拍功能是什么•查看所有连拍功能苹果(Apple),光学防抖(OIS)","4800万像素,主摄,F1.6",后置双摄像头,"iOS•iOS是什么•查看所有iOS苹果(Apple),iOS17","USB Type C接口,USB 2.0•USB2.0是什么•查看所有USB 2.0苹果(Apple)",147.6×71.6×7.8mm,铝金属搭配融色玻璃背板，响铃/静音切换IP68级别(在最深6米的水下停留时间最长可达30分钟),171g,,不可拆卸式电池,"全网通,移动5G,联通5G,电信5G,移动4G,联通4G,电信4G,联通3G","支持蓝牙•蓝牙是什么•查看所有支持蓝牙苹果(Apple),蓝牙v5.3",【后置摄像头】4K视频拍摄，24fps、25fps、30fps或60fps1080p高清视频拍摄，25fps、30fps或60fps电影效果模式可拍摄浅景深视频(最高可达4K HDR，30fps)运动模式杜比视界HDR视频拍摄，最高可达4K，60fps慢动作视频，1080p(120fps或240fps)延时摄影视频，支持防抖功能夜间模式延时摄影视频快录功能传感器位移式视频光学图像防抖功能音频变焦立体声录音,支持视频播放•视频是什么•查看所有支持视频播放苹果(Apple),"手写输入•手写输入是什么•查看所有手写输入苹果(Apple),英文输入法•输入法是什么•查看所有英文输入法苹果(Apple),中文输入法•输入法是什么•查看所有中文输入法苹果(Apple),第三方输入法•输入法是什么•查看所有第三方输入法苹果(Apple)",虚拟触摸键盘,LED闪光灯•LED补光灯是什么•查看所有LED闪光灯苹果(Apple),"闹钟•闹钟是什么•查看所有闹钟苹果(Apple),日历•日历是什么•查看所有日历苹果(Apple),计算器•计算器是什么•查看所有计算器苹果(Apple),记事本•记事本是什么•查看所有记事本苹果(Apple),备忘录•备忘录是什么•查看所有备忘录苹果(Apple),世界时钟•时钟是什么•查看所有世界时钟苹果(Apple),定时器•定时器是什么•查看所有定时器苹果(Apple),秒表•秒表是什么•查看所有秒表苹果(Apple),自动开关机•自动开关机是什么•查看所有自动开关机苹果(Apple)",
1116067,,太平洋电脑网,"2023年,9月13日",,,,自研六核心(A17 Pro)点击型号查看完整天梯图,支持MP3播放•MP3是什么•查看所有支持MP3播放苹果(Apple),支持,,"nano SIM卡,双卡","支持WiFi,Wi-Fi 6E,2.4G/5G双频,IEEE 802.11 a/b/g/n/ac/ax",apple,2026-06-23T10:58:51.388209,https://product.pconline.com.cn/mobile/apple/1116067_detail.html,1116067,https://product.pconline.com.cn/mobile/apple/1116067.html,"内置天线•天线是什么•查看所有内置天线苹果(Apple),时钟•时钟是什么•查看所有时钟苹果(Apple),内置震动•震动是什么•查看所有内置震动苹果(Apple),通话时间提示•通话时间是什么•查看所有通话时间提示苹果(Apple),免提通话•免提通话是什么•查看所有免提通话苹果(Apple),待机图片•待机图片是什么•查看所有待机图片苹果(Apple),来电铃声识别•来电铃声识别是什么•查看所有来电铃声识别苹果(Apple),录音功能•录音功能是什么•查看所有录音功能苹果(Apple),语音拨号•语音拨号是什么•查看所有语音拨号苹果(Apple),飞行模式•飞行模式是什么•查看所有飞行模式苹果(Apple)","重力感应•重力感应是什么•查看所有重力感应苹果(Apple),距离感应•距离感应是什么•查看所有距离感应苹果(Apple),光线感应•光线感应是什么•查看所有光线感应苹果(Apple),陀螺仪•陀螺仪是什么•查看所有陀螺仪苹果(Apple),加速传感",460ppi,,A3104,,,,8GB,,"支持文档阅读•TXT是什么•查看所有支持文档阅读苹果(Apple),支持TXT•TXT是什么•查看所有支持TXT苹果(Apple),Office(word/excel/ppt)•Office是什么•查看所有Office(word/excel/ppt)苹果(Apple),Adobe PDF•PDF是什么•查看所有Adobe PDF苹果(Apple)","支持,15倍数码变焦,3倍光学变焦","1200万像素,超广角摄像头,F2.2","1200万像素,3倍长焦摄像头,F2.8",苹果,"支持JPEG,PNG,GIF,BMP等格式",苹果iPhone 15 Pro,苹果A17 Pro点击型号查看完整天梯图,"Type-C耳机接口,双扬声器","128GB•手机rom是什么•查看所有128GB苹果(Apple),256GB,512GB,1TB","支持GPS,GLONASS,北斗,Galileo,QZSS,支持A-GPS•A-GPS是什么•查看所有支持A-GPS苹果(Apple)","打孔屏,多点触摸•多点触摸是什么•查看所有多点触摸苹果(Apple),电容屏•电容屏是什么•查看所有电容屏苹果(Apple)",,2556×1179像素,120Hz,OLED•OLED是什么•查看所有OLED苹果(Apple),,直板•直板手机是什么•查看所有直板苹果(Apple),"5G手机,智能手机•智能手机是什么•查看所有智能手机苹果(Apple),拍照手机•拍照手机是什么•查看所有拍照手机苹果(Apple),防水手机•三防机是什么•查看所有防水手机苹果(Apple)",,,无扩展卡功能,,"自动对焦•自动对焦是什么•查看所有自动对焦苹果(Apple),相位对焦,人脸识别•人脸识别是什么•查看所有人脸识别苹果(Apple),全景拍摄•全景拍摄是什么•查看所有全景拍摄苹果(Apple),HDR,连拍功能•连拍功能是什么•查看所有连拍功能苹果(Apple)","4800万像素,主摄,F1.78","后置三摄像头,前置单摄像头","iOS•iOS是什么•查看所有iOS苹果(Apple),iOS17","USB Type C接口,USB 3",146.6×70.6×8.25mm,,187g,面部识别,不可拆卸式电池,"全网通,移动5G,联通5G,电信5G,广电5G,移动4G,联通4G,电信4G,广电4G,联通3G","支持蓝牙•蓝牙是什么•查看所有支持蓝牙苹果(Apple),蓝牙v5.3",,支持视频播放•视频是什么•查看所有支持视频播放苹果(Apple),"手写输入•手写输入是什么•查看所有手写输入苹果(Apple),英文输入法•输入法是什么•查看所有英文输入法苹果(Apple),中文输入法•输入法是什么•查看所有中文输入法苹果(Apple),第三方输入法•输入法是什么•查看所有第三方输入法苹果(Apple)",虚拟触摸键盘,LED闪光灯•LED补光灯是什么•查看所有LED闪光灯苹果(Apple),"闹钟•闹钟是什么•查看所有闹钟苹果(Apple),日历•日历是什么•查看所有日历苹果(Apple),计算器•计算器是什么•查看所有计算器苹果(Apple),记事本•记事本是什么•查看所有记事本苹果(Apple),备忘录•备忘录是什么•查看所有备忘录苹果(Apple),世界时钟•时钟是什么•查看所有世界时钟苹果(Apple),定时器•定时器是什么•查看所有定时器苹果(Apple),秒表•秒表是什么•查看所有秒表苹果(Apple),自动开关机•自动开关机是什么•查看所有自动开关机苹果(Apple)",
280868,,太平洋电脑网,"2022年,9月8日",,,6核中央处理器，具有2个性能核心和4个能效核心,自研五核心(A15)点击型号查看完整天梯图,支持MP3播放•MP3是什么•查看所有支持MP3播放苹果(Apple),支持,16核神经网络引擎,"nano SIM卡,双卡","支持WiFi,2.4G/5G双频,IEEE 802.11 a/b/g/n/ac/ax,WiFi6",apple,2026-06-23T10:59:45.703774,https://product.pconline.com.cn/mobile/apple/280868_detail.html,280868,https://product.pconline.com.cn/mobile/apple/280868.html,"内置天线•天线是什么•查看所有内置天线苹果(Apple),时钟•时钟是什么•查看所有时钟苹果(Apple),内置震动•震动是什么•查看所有内置震动苹果(Apple),通话时间提示•通话时间是什么•查看所有通话时间提示苹果(Apple),免提通话•免提通话是什么•查看所有免提通话苹果(Apple),待机图片•待机图片是什么•查看所有待机图片苹果(Apple),来电铃声识别•来电铃声识别是什么•查看所有来电铃声识别苹果(Apple),录音功能•录音功能是什么•查看所有录音功能苹果(Apple),语音拨号•语音拨号是什么•查看所有语音拨号苹果(Apple),飞行模式•飞行模式是什么•查看所有飞行模式苹果(Apple)","重力感应•重力感应是什么•查看所有重力感应苹果(Apple),距离感应•距离感应是什么•查看所有距离感应苹果(Apple),光线感应•光线感应是什么•查看所有光线感应苹果(Apple),加速度传感器•加速传感是什么•查看所有加速度传感器苹果(Apple),电子罗盘•电子罗盘是什么•查看所有电子罗盘苹果(Apple),陀螺仪•陀螺仪是什么•查看所有陀螺仪苹果(Apple),气压计",458ppi,,,HDR显示触感触控2000000:1对比度(典型)800尼特最大亮度(典型)；1200尼特峰值亮度(HDR)采用防油渍防指纹涂层支持多种语言文字同时显示,,,6GB,,"支持文档阅读•TXT是什么•查看所有支持文档阅读苹果(Apple),支持TXT•TXT是什么•查看所有支持TXT苹果(Apple),Office(word/excel/ppt)•Office是什么•查看所有Office(word/excel/ppt)苹果(Apple),Adobe PDF•PDF是什么•查看所有Adobe PDF苹果(Apple)","支持,5倍数码变焦,2倍光学变焦","1200万像素,超广角摄像头,F2.4",,苹果,"支持JPEG,PNG,GIF,BMP等格式",苹果iPhone 14 Plus,苹果A15点击型号查看完整天梯图,双扬声器,"128GB•手机rom是什么•查看所有128GB苹果(Apple),256GB,512GB","支持GPS,GLONASS,北斗,Galileo,QZSS,iBeacon微定位","刘海屏,多点触摸•多点触摸是什么•查看所有多点触摸苹果(Apple),电容屏•电容屏是什么•查看所有电容屏苹果(Apple)",,2778×1284像素,,OLED•OLED是什么•查看所有OLED苹果(Apple),原彩显示广色域 (P3),直板•直板手机是什么•查看所有直板苹果(Apple),"5G手机,智能手机•智能手机是什么•查看所有智能手机苹果(Apple)","5G NR(频段n1,n2,n3,n5,n7,n8,n12,n20,n25,n26,n28,n30,n38,n40,n41,n48,n66,n70,n77,n78,n79)FDD-LTE(频段1,2,3,4,5,7,8,12,13,17,18,19,20,25,26,28,30,32,66)TD-LTE(频段34,38,39,40,41,42,46,48)UMTS/HSPA+/DC-HSDPA (850,900,1700/2100,1900,2100MHz)GSM/EDGE(850,900,1800,1900MHz)","红色,蓝色,紫色,午夜色,星光色",无扩展卡功能,,自动对焦•自动对焦是什么•查看所有自动对焦苹果(Apple),"1200万像素•像素是什么•查看所有1200万像素苹果(Apple),主摄,F1.5","后置双摄像头,前置单摄像头","iOS•iOS是什么•查看所有iOS苹果(Apple),iOS 16",Lightning接口,160.8×78.1×7.8mm,超瓷晶面板；玻璃背板搭配铝金属边框IP68级别(在最深6米的水下停留时间最长可达30分钟),203g,面部识别,不可拆卸式电池,"全网通,移动5G,联通5G,电信5G,移动4G,联通4G,电信4G,移动3G,联通3G,电信3G","支持蓝牙•蓝牙是什么•查看所有支持蓝牙苹果(Apple),蓝牙v5.3",【后置摄像头】4K视频拍摄，24fps、25fps、30fps或60fps1080p高清视频拍摄，25fps、30fps或60fps720p高清视频拍摄，30fps电影效果模式，最高可达4K HDR，30fps运动模式，最高可达2.8K，60fps杜比视界HDR视频拍摄，最高可达4K，60fps慢动作视频，1080p(120fps或240fps)【前置摄像头】4K视频拍摄，24fps、25fps、30fps或60fps1080p高清视频拍摄，25fps、30fps或60fps电影效果模式，最高可达4K HDR，30fps杜比视界HDR视频拍摄，最高可达4K，60fps慢动作视频，1080p(120fps),支持视频播放•视频是什么•查看所有支持视频播放苹果(Apple),手写输入•手写输入是什么•查看所有手写输入苹果(Apple),虚拟触摸键盘,LED闪光灯•LED补光灯是什么•查看所有LED闪光灯苹果(Apple),"闹钟•闹钟是什么•查看所有闹钟苹果(Apple),日历•日历是什么•查看所有日历苹果(Apple),计算器•计算器是什么•查看所有计算器苹果(Apple)",装有iOS16的iPhoneUSB-C转闪电连接线资料
1080242,,太平洋电脑网,"2022年,9月8日",,￥4699.0,6核中央处理器，具有2个性能核心和4个能效核心,自研五核心(A15)点击型号查看完整天梯图,支持MP3播放•MP3是什么•查看所有支持MP3播放苹果(Apple),支持,16核神经网络引擎,"nano SIM卡,双卡","支持WiFi,IEEE 802.11 a/b/g/n/ac/ax,WiFi6",apple,2026-06-23T10:59:04.014091,https://product.pconline.com.cn/mobile/apple/1080242_detail.html,1080242,https://product.pconline.com.cn/mobile/apple/1080242.html,"内置天线•天线是什么•查看所有内置天线苹果(Apple),时钟•时钟是什么•查看所有时钟苹果(Apple),内置震动•震动是什么•查看所有内置震动苹果(Apple),通话时间提示•通话时间是什么•查看所有通话时间提示苹果(Apple),免提通话•免提通话是什么•查看所有免提通话苹果(Apple),待机图片•待机图片是什么•查看所有待机图片苹果(Apple),来电铃声识别•来电铃声识别是什么•查看所有来电铃声识别苹果(Apple),录音功能•录音功能是什么•查看所有录音功能苹果(Apple),语音拨号•语音拨号是什么•查看所有语音拨号苹果(Apple),飞行模式•飞行模式是什么•查看所有飞行模式苹果(Apple)","重力感应•重力感应是什么•查看所有重力感应苹果(Apple),距离感应•距离感应是什么•查看所有距离感应苹果(Apple),光线感应•光线感应是什么•查看所有光线感应苹果(Apple),加速度传感器•加速传感是什么•查看所有加速度传感器苹果(Apple),电子罗盘•电子罗盘是什么•查看所有电子罗盘苹果(Apple),陀螺仪•陀螺仪是什么•查看所有陀螺仪苹果(Apple),气压计",460ppi,,,HDR显示触感触控2000000:1对比度(典型)800尼特最大亮度(典型)；1200尼特峰值亮度(HDR)采用防油渍防指纹涂层支持多种语言文字同时显示,,,6GB,,"支持文档阅读•TXT是什么•查看所有支持文档阅读苹果(Apple),支持TXT•TXT是什么•查看所有支持TXT苹果(Apple),Office(word/excel/ppt)•Office是什么•查看所有Office(word/excel/ppt)苹果(Apple),Adobe PDF•PDF是什么•查看所有Adobe PDF苹果(Apple)","支持,5倍数码变焦,2倍光学变焦","1200万像素,超广角摄像头,F2.4",,苹果,"支持JPEG,PNG,GIF,BMP等格式",苹果iPhone14,苹果A15点击型号查看完整天梯图,双扬声器,"128GB•手机rom是什么•查看所有128GB苹果(Apple),256GB,512GB","支持GPS,GLONASS,北斗,Galileo,QZSS,iBeacon微定位","刘海屏,多点触摸•多点触摸是什么•查看所有多点触摸苹果(Apple),电容屏•电容屏是什么•查看所有电容屏苹果(Apple)",,2532×1170像素,,OLED•OLED是什么•查看所有OLED苹果(Apple),原彩显示广色域 (P3),直板•直板手机是什么•查看所有直板苹果(Apple),"5G手机,智能手机•智能手机是什么•查看所有智能手机苹果(Apple),拍照手机•拍照手机是什么•查看所有拍照手机苹果(Apple)","5G NR(频段n1,n2,n3,n5,n7,n8,n12,n20,n25,n26,n28,n30,n38,n40,n41,n48,n66,n70,n77,n78,n79)FDD-LTE(频段1,2,3,4,5,7,8,12,13,17,18,19,20,25,26,28,30,32,66)TD-LTE(频段34,38,39,40,41,42,46,48)UMTS/HSPA+/DC-HSDPA (850,900,1700/2100,1900,2100MHz)GSM/EDGE(850,900,1800,1900MHz)","红色,蓝色,紫色,午夜色,星光色",无扩展卡功能,,自动对焦•自动对焦是什么•查看所有自动对焦苹果(Apple),"1200万像素•像素是什么•查看所有1200万像素苹果(Apple),主摄,F1.5","后置双摄像头,前置单摄像头","iOS•iOS是什么•查看所有iOS苹果(Apple),iOS 16",,146.7×71.5×7.8mm,超瓷晶面板；玻璃背板搭配铝金属边框IP68级别(在最深6米的水下停留时间最长可达30分钟),172g,面部识别,不可拆卸式电池,"全网通,移动5G,联通5G,电信5G,移动4G,联通4G,电信4G,移动3G,联通3G,电信3G","支持蓝牙•蓝牙是什么•查看所有支持蓝牙苹果(Apple),蓝牙v5.3",【后置摄像头】4K视频拍摄，24fps、25fps、30fps或60fps1080p高清视频拍摄，25fps、30fps或60fps720p高清视频拍摄，30fps电影效果模式，最高可达4K HDR，30fps运动模式，最高可达2.8K，60fps杜比视界HDR视频拍摄，最高可达4K，60fps慢动作视频，1080p(120fps或240fps)【前置摄像头】4K视频拍摄，24fps、25fps、30fps或60fps1080p高清视频拍摄，25fps、30fps或60fps电影效果模式，最高可达4K HDR，30fps杜比视界HDR视频拍摄，最高可达4K，60fps慢动作视频，1080p(120fps),支持视频播放•视频是什么•查看所有支持视频播放苹果(Apple),"手写输入•手写输入是什么•查看所有手写输入苹果(Apple),英文输入法•输入法是什么•查看所有英文输入法苹果(Apple),中文输入法•输入法是什么•查看所有中文输入法苹果(Apple),第三方输入法•输入法是什么•查看所有第三方输入法苹果(Apple)",虚拟触摸键盘,LED闪光灯•LED补光灯是什么•查看所有LED闪光灯苹果(Apple),"闹钟•闹钟是什么•查看所有闹钟苹果(Apple),日历•日历是什么•查看所有日历苹果(Apple),计算器•计算器是什么•查看所有计算器苹果(Apple),记事本•记事本是什么•查看所有记事本苹果(Apple),备忘录•备忘录是什么•查看所有备忘录苹果(Apple),世界时钟•时钟是什么•查看所有世界时钟苹果(Apple),定时器•定时器是什么•查看所有定时器苹果(Apple),秒表•秒表是什么•查看所有秒表苹果(Apple),自动开关机•自动开关机是什么•查看所有自动开关机苹果(Apple)",装有iOS16的iPhoneUSB-C转闪电连接线资料
1035275,,太平洋电脑网,"2022年,9月8日",,,,自研五核心(A16)点击型号查看完整天梯图,支持MP3播放•MP3是什么•查看所有支持MP3播放苹果(Apple),支持,,"nano SIM卡,双卡","支持WiFi,2.4G/5G双频,IEEE 802.11 a/b/g/n/ac/ax,WiFi6",apple,2026-06-23T10:59:17.893688,https://product.pconline.com.cn/mobile/apple/1035275_detail.html,1035275,https://product.pconline.com.cn/mobile/apple/1035275.html,"内置天线•天线是什么•查看所有内置天线苹果(Apple),时钟•时钟是什么•查看所有时钟苹果(Apple),内置震动•震动是什么•查看所有内置震动苹果(Apple),免提通话•免提通话是什么•查看所有免提通话苹果(Apple),待机图片•待机图片是什么•查看所有待机图片苹果(Apple)","重力感应•重力感应是什么•查看所有重力感应苹果(Apple),距离感应•距离感应是什么•查看所有距离感应苹果(Apple),光线感应•光线感应是什么•查看所有光线感应苹果(Apple),陀螺仪•陀螺仪是什么•查看所有陀螺仪苹果(Apple),气压计",460ppi,,,,,,6GB,,"支持TXT•TXT是什么•查看所有支持TXT苹果(Apple),Adobe PDF•PDF是什么•查看所有Adobe PDF苹果(Apple)","支持,15倍数码变焦,3倍光学变焦","1200万像素,超广角摄像头,F2.2","1200万像素,长焦摄像头,F2.8",苹果,"支持JPEG,PNG,GIF,BMP等格式",苹果iPhone14 Pro,苹果A16点击型号查看完整天梯图,双扬声器,"128GB•手机rom是什么•查看所有128GB苹果(Apple),256GB,512GB,1TB","支持GPS,GLONASS,北斗,Galileo,QZSS","打孔屏,多点触摸•多点触摸是什么•查看所有多点触摸苹果(Apple),电容屏•电容屏是什么•查看所有电容屏苹果(Apple)",,2556×1179像素,"120Hz,ProMotion自适应刷新率技术",OLED•OLED是什么•查看所有OLED苹果(Apple),,直板•直板手机是什么•查看所有直板苹果(Apple),"5G手机,智能手机•智能手机是什么•查看所有智能手机苹果(Apple),拍照手机•拍照手机是什么•查看所有拍照手机苹果(Apple),防水手机•三防机是什么•查看所有防水手机苹果(Apple)",,"银色,金色,深空黑色,暗紫色",无扩展卡功能,,"自动对焦•自动对焦是什么•查看所有自动对焦苹果(Apple),HDR,连拍功能•连拍功能是什么•查看所有连拍功能苹果(Apple),传感器位移式光学图像防抖","1200万像素,原深感摄像头,F1.9","后置三摄像头,前置单摄像头","iOS•iOS是什么•查看所有iOS苹果(Apple),iOS 16",Lightning接口,147.5×71.5×7.85mm,,206g,面部识别,不可拆卸式电池,"全网通,移动5G,联通5G,电信5G,移动4G,联通4G,电信4G","支持蓝牙•蓝牙是什么•查看所有支持蓝牙苹果(Apple),蓝牙v5.3",,支持视频播放•视频是什么•查看所有支持视频播放苹果(Apple),"手写输入•手写输入是什么•查看所有手写输入苹果(Apple),英文输入法•输入法是什么•查看所有英文输入法苹果(Apple),中文输入法•输入法是什么•查看所有中文输入法苹果(Apple)",虚拟触摸键盘,LED闪光灯•LED补光灯是什么•查看所有LED闪光灯苹果(Apple),"闹钟•闹钟是什么•查看所有闹钟苹果(Apple),日历•日历是什么•查看所有日历苹果(Apple),计算器•计算器是什么•查看所有计算器苹果(Apple),备忘录•备忘录是什么•查看所有备忘录苹果(Apple)",
628207,,太平洋电脑网,"2022年,9月8日",,,,自研五核心(A16)点击型号查看完整天梯图,支持MP3播放•MP3是什么•查看所有支持MP3播放苹果(Apple),支持,,"nano SIM卡,双卡","支持WiFi,2.4G/5G双频,IEEE 802.11 a/b/g/n/ac/ax,WiFi6",apple,2026-06-23T10:59:32.430977,https://product.pconline.com.cn/mobile/apple/628207_detail.html,628207,https://product.pconline.com.cn/mobile/apple/628207.html,"内置天线•天线是什么•查看所有内置天线苹果(Apple),时钟•时钟是什么•查看所有时钟苹果(Apple),内置震动•震动是什么•查看所有内置震动苹果(Apple),免提通话•免提通话是什么•查看所有免提通话苹果(Apple),待机图片•待机图片是什么•查看所有待机图片苹果(Apple)","重力感应•重力感应是什么•查看所有重力感应苹果(Apple),距离感应•距离感应是什么•查看所有距离感应苹果(Apple),光线感应•光线感应是什么•查看所有光线感应苹果(Apple),加速度传感器•加速传感是什么•查看所有加速度传感器苹果(Apple),电子罗盘•电子罗盘是什么•查看所有电子罗盘苹果(Apple),陀螺仪•陀螺仪是什么•查看所有陀螺仪苹果(Apple),气压计,X轴线性马达",460ppi,,,,,,6GB,,"支持TXT•TXT是什么•查看所有支持TXT苹果(Apple),Adobe PDF•PDF是什么•查看所有Adobe PDF苹果(Apple)","支持,15倍数码变焦,3倍光学变焦","1200万像素,超广角摄像头,F2.2","1200万像素,长焦摄像头,F1.78",苹果,,苹果iPhone 14 Pro Max,苹果A16点击型号查看完整天梯图,双扬声器,"128GB•手机rom是什么•查看所有128GB苹果(Apple),256GB,512GB,1TB","支持GPS,GLONASS,北斗,Galileo,QZSS","打孔屏,多点触摸•多点触摸是什么•查看所有多点触摸苹果(Apple),电容屏•电容屏是什么•查看所有电容屏苹果(Apple)",,2796×1290像素,"120Hz,ProMotion自适应刷新率技术",OLED•OLED是什么•查看所有OLED苹果(Apple),,直板•直板手机是什么•查看所有直板苹果(Apple),"5G手机,智能手机•智能手机是什么•查看所有智能手机苹果(Apple)",,"银色,金色,深空黑色,暗紫色",无扩展卡功能,,"自动对焦•自动对焦是什么•查看所有自动对焦苹果(Apple),HDR,连拍功能•连拍功能是什么•查看所有连拍功能苹果(Apple),传感器位移式光学图像防抖","1200万像素,原深感摄像头,F1.9","后置三摄像头,前置单摄像头","iOS•iOS是什么•查看所有iOS苹果(Apple),iOS 16",Lightning接口,160.7×77.6×7.85mm,,240g,面部识别,不可拆卸式电池,"全网通,移动5G,联通5G,电信5G,移动4G,联通4G,电信4G","支持蓝牙•蓝牙是什么•查看所有支持蓝牙苹果(Apple),蓝牙v5.3",,支持视频播放•视频是什么•查看所有支持视频播放苹果(Apple),"手写输入•手写输入是什么•查看所有手写输入苹果(Apple),英文输入法•输入法是什么•查看所有英文输入法苹果(Apple),中文输入法•输入法是什么•查看所有中文输入法苹果(Apple)",虚拟触摸键盘,LED闪光灯•LED补光灯是什么•查看所有LED闪光灯苹果(Apple),"闹钟•闹钟是什么•查看所有闹钟苹果(Apple),日历•日历是什么•查看所有日历苹果(Apple),计算器•计算器是什么•查看所有计算器苹果(Apple),备忘录•备忘录是什么•查看所有备忘录苹果(Apple)",
635389,,太平洋电脑网,"2022年,3月9日",,,,自研四核心(A15)点击型号查看完整天梯图,"支持MP3播放•MP3是什么•查看所有支持MP3播放苹果(Apple),支持的格式包括 AAC、MP3、Apple 保真压缩、FLAC、杜比数字和杜比数字+",支持,16 核神经网络引擎,nano SIM卡,"支持WiFi,IEEE 802.11 a/b/g/n/ac/ax,支持2x2 MIMO",apple,2026-06-23T10:51:19.428297,https://product.pconline.com.cn/mobile/apple/635389_detail.html,635389,https://product.pconline.com.cn/mobile/apple/635389.html,"内置天线•天线是什么•查看所有内置天线苹果(Apple),时钟•时钟是什么•查看所有时钟苹果(Apple),内置震动•震动是什么•查看所有内置震动苹果(Apple),免提通话•免提通话是什么•查看所有免提通话苹果(Apple),待机图片•待机图片是什么•查看所有待机图片苹果(Apple)","距离感应•距离感应是什么•查看所有距离感应苹果(Apple),光线感应•光线感应是什么•查看所有光线感应苹果(Apple),加速度传感器•加速传感是什么•查看所有加速度传感器苹果(Apple),陀螺仪•陀螺仪是什么•查看所有陀螺仪苹果(Apple),气压计,指纹识别",326ppi,,,1400:1 对比度 (典型)原彩显示625 尼特最大亮度 (典型)采用防油渍防指纹涂层,,,,,"支持TXT•TXT是什么•查看所有支持TXT苹果(Apple),Adobe PDF•PDF是什么•查看所有Adobe PDF苹果(Apple)","支持,5倍数码变焦",,,苹果,"支持JPEG,PNG,GIF,BMP等格式",苹果iPhone SE3,苹果A15点击型号查看完整天梯图,,"64GB•手机rom是什么•查看所有64GB苹果(Apple),128GB•手机rom是什么•查看所有128GB苹果(Apple),256GB","支持GPS,GLONASS,北斗,Galileo,QZSS","多点触摸•多点触摸是什么•查看所有多点触摸苹果(Apple),电容屏•电容屏是什么•查看所有电容屏苹果(Apple)",,1334×750像素,,LCD,广色域显示 (P3),直板•直板手机是什么•查看所有直板苹果(Apple),"5G手机,智能手机•智能手机是什么•查看所有智能手机苹果(Apple)","5G NR (频段 n1, n2, n3, n5, n7, n8, n12, n20, n25, n28, n30, n38, n40, n41, n48, n66, n77, n78, n79)FDD‑LTE (频段 1, 2, 3, 4, 5, 7, 8, 12, 13, 17, 18, 19, 20, 25, 26, 28, 30, 32, 66)TD‑LTE (频段 34, 38, 39, 40, 41, 42, 46, 48)UMTS/HSPA+/DC‑HSDPA (850, 900, 1700/2100, 1900, 2100 MHz)GSM/EDGE (850, 900, 1800, 1900 MHz)","红色,星光色,午夜色",,【后置摄像头】人像模式，支持先进的焦外成像和景深控制人像光效，支持六种效果 (自然光、摄影室灯光、轮廓光、舞台光、单色舞台光和高调单色光)六镜式镜头LED 原彩闪光灯，支持慢速同步全景模式 (最高可达 6300 万像素)蓝宝石玻璃镜头表面Focus Pixels 自动对焦拍摄广色域的照片和实况照片深度融合技术智能 HDR 4 照片摄影风格先进的红眼校正功能自动图像防抖功能连拍快照模式照片地理标记功能图像拍摄格式：HEIF 和 JPEG【前置摄像头】人像模式，支持先进的焦外成像和景深控制人像光效，支持六种效果 (自然光、摄影室灯光、轮廓光、舞台光、单色舞台光和高调单色光)深度融合技术智能 HDR 4 照片摄影风格1080p 高清视频拍摄，25 fps 或 30 fps延时摄影视频，支持防抖功能夜间模式延时摄影视网膜屏闪光灯视频快录功能拍摄广色域的照片和实况照片自动 HDR 照片自动图像防抖功能连拍快照模式影院级视频防抖功能 (1080p 和 720p),"自动对焦•自动对焦是什么•查看所有自动对焦苹果(Apple),人脸识别•人脸识别是什么•查看所有人脸识别苹果(Apple),光学防抖(OIS),防抖功能","1200万像素•像素是什么•查看所有1200万像素苹果(Apple),主摄,F1.8","后置单摄像头,前置单摄像头","iOS•iOS是什么•查看所有iOS苹果(Apple),iOS 15","Lightning接口,支持数据线",138.4×67.3×7.3mm,效果在 IEC 60529 标准下达到 IP67 级别 (在最深 1 米的水下停留时间最长可达 30 分钟),144g,前置指纹识别,不可拆卸式电池,"全网通,移动5G,联通5G,电信5G,移动4G,联通4G,电信4G,移动3G,联通3G,电信3G","支持蓝牙•蓝牙是什么•查看所有支持蓝牙苹果(Apple),蓝牙v5.0•蓝牙是什么•查看所有蓝牙v5.0苹果(Apple)",4K 视频拍摄，24 fps、25 fps、30 fps 或 60 fps1080p 高清视频拍摄，25 fps、30 fps 或 60 fps720p 高清视频拍摄，30 fps扩展的动态范围适用于最高达 30 fps 的视频拍摄视频光学图像防抖功能最高可达 3 倍数码变焦LED 原彩闪光灯视频快录功能慢动作视频，1080p (120 fps 或 240 fps)延时摄影视频，支持防抖功能夜间模式延时摄影影院级视频防抖功能 (4K、1080p 和 720p)连续自动对焦视频4K 视频录制过程中拍摄 800 万像素静态照片变焦播放视频录制格式：HEVC 和 H.264立体声录音,"支持视频播放•视频是什么•查看所有支持视频播放苹果(Apple),支持的格式包括 HEVC、H.264 和 ProRes；支持杜比视界、HDR10 和 HLG；视频镜像和视频输出支持：通过闪电数字影音转换器和闪电转 VGA 转换器，最高可达 1080p","手写输入•手写输入是什么•查看所有手写输入苹果(Apple),英文输入法•输入法是什么•查看所有英文输入法苹果(Apple),中文输入法•输入法是什么•查看所有中文输入法苹果(Apple),第三方输入法•输入法是什么•查看所有第三方输入法苹果(Apple)",虚拟触摸键盘,LED闪光灯•LED补光灯是什么•查看所有LED闪光灯苹果(Apple),"闹钟•闹钟是什么•查看所有闹钟苹果(Apple),日历•日历是什么•查看所有日历苹果(Apple),计算器•计算器是什么•查看所有计算器苹果(Apple),备忘录•备忘录是什么•查看所有备忘录苹果(Apple)",装有 iOS 15 的 iPhone×1USB-C 转闪电连接线×1资料×1
1423887,,太平洋电脑网,"2021年,9月15日",,,,自研五核心(A15)点击型号查看完整天梯图,支持MP3播放•MP3是什么•查看所有支持MP3播放苹果(Apple),支持,16核神经网络引擎,"nano SIM卡,双卡","支持WiFi,2.4G/5G双频,IEEE 802.11 a/b/g/n/ac/ax,WiFi6",apple,2026-06-23T11:00:00.568281,https://product.pconline.com.cn/mobile/apple/1423887_detail.html,1423887,https://product.pconline.com.cn/mobile/apple/1423887.html,"内置天线•天线是什么•查看所有内置天线苹果(Apple),时钟•时钟是什么•查看所有时钟苹果(Apple),内置震动•震动是什么•查看所有内置震动苹果(Apple),通话时间提示•通话时间是什么•查看所有通话时间提示苹果(Apple),免提通话•免提通话是什么•查看所有免提通话苹果(Apple),待机图片•待机图片是什么•查看所有待机图片苹果(Apple),来电铃声识别•来电铃声识别是什么•查看所有来电铃声识别苹果(Apple),录音功能•录音功能是什么•查看所有录音功能苹果(Apple),语音拨号•语音拨号是什么•查看所有语音拨号苹果(Apple),飞行模式•飞行模式是什么•查看所有飞行模式苹果(Apple)","重力感应•重力感应是什么•查看所有重力感应苹果(Apple),距离感应•距离感应是什么•查看所有距离感应苹果(Apple),光线感应•光线感应是什么•查看所有光线感应苹果(Apple),加速度传感器•加速传感是什么•查看所有加速度传感器苹果(Apple),电子罗盘•电子罗盘是什么•查看所有电子罗盘苹果(Apple),陀螺仪•陀螺仪是什么•查看所有陀螺仪苹果(Apple),气压计,X轴线性马达,NFC",458ppi,"27W有线快充,15W MagSafe无线充电,7.5W无线充电",,,激光雷达扫描仪,,,,"支持文档阅读•TXT是什么•查看所有支持文档阅读苹果(Apple),支持TXT•TXT是什么•查看所有支持TXT苹果(Apple),Office(word/excel/ppt)•Office是什么•查看所有Office(word/excel/ppt)苹果(Apple),Adobe PDF•PDF是什么•查看所有Adobe PDF苹果(Apple)","支持,15倍数码变焦,6倍光学变焦","1200万像素,广角摄像头,F1.5","1200万像素,超广角摄像头,F1.8",苹果,"支持JPEG,PNG,GIF,BMP等格式",苹果iPhone13 Pro Max,苹果A15点击型号查看完整天梯图,"双扬声器,电子书•电子书是什么•查看所有电子书苹果(Apple)","128GB•手机rom是什么•查看所有128GB苹果(Apple),256GB,512GB,1TB","支持GPS,GLONASS,北斗,Galileo,支持A-GPS•A-GPS是什么•查看所有支持A-GPS苹果(Apple)","刘海屏,多点触摸•多点触摸是什么•查看所有多点触摸苹果(Apple),电容屏•电容屏是什么•查看所有电容屏苹果(Apple),支持触摸操作•触摸屏是什么•查看所有支持触摸操作苹果(Apple)",,2778×1284像素,120Hz,OLED•OLED是什么•查看所有OLED苹果(Apple),P3色域,直板•直板手机是什么•查看所有直板苹果(Apple),"5G手机,智能手机•智能手机是什么•查看所有智能手机苹果(Apple),拍照手机•拍照手机是什么•查看所有拍照手机苹果(Apple),快充手机,防水手机•三防机是什么•查看所有防水手机苹果(Apple)",,"银色,金色,石墨色,远峰蓝色",无扩展卡功能,,"自动对焦•自动对焦是什么•查看所有自动对焦苹果(Apple),光学变焦•光学变焦是什么•查看所有光学变焦苹果(Apple),全景拍摄•全景拍摄是什么•查看所有全景拍摄苹果(Apple),HDR,连拍功能•连拍功能是什么•查看所有连拍功能苹果(Apple),光学防抖(OIS),传感器位移式光学图像防抖","1200万像素•像素是什么•查看所有1200万像素苹果(Apple),长焦摄像头,F2.8","后置三摄像头,前置单摄像头",iOS•iOS是什么•查看所有iOS苹果(Apple),Lightning接口,160.8×78.1×7.65mm,IP68防水,238g,,不可拆卸式电池,"全网通,移动5G,联通5G,电信5G,移动4G,联通4G,电信4G,移动3G,联通3G,电信3G","支持蓝牙•蓝牙是什么•查看所有支持蓝牙苹果(Apple),蓝牙v5.0•蓝牙是什么•查看所有蓝牙v5.0苹果(Apple)",,支持视频播放•视频是什么•查看所有支持视频播放苹果(Apple),"手写输入•手写输入是什么•查看所有手写输入苹果(Apple),英文输入法•输入法是什么•查看所有英文输入法苹果(Apple),中文输入法•输入法是什么•查看所有中文输入法苹果(Apple),第三方输入法•输入法是什么•查看所有第三方输入法苹果(Apple)",虚拟触摸键盘,LED闪光灯•LED补光灯是什么•查看所有LED闪光灯苹果(Apple),"闹钟•闹钟是什么•查看所有闹钟苹果(Apple),日历•日历是什么•查看所有日历苹果(Apple),计算器•计算器是什么•查看所有计算器苹果(Apple),记事本•记事本是什么•查看所有记事本苹果(Apple),备忘录•备忘录是什么•查看所有备忘录苹果(Apple),世界时钟•时钟是什么•查看所有世界时钟苹果(Apple),定时器•定时器是什么•查看所有定时器苹果(Apple),秒表•秒表是什么•查看所有秒表苹果(Apple),自动开关机•自动开关机是什么•查看所有自动开关机苹果(Apple)",装有iOS15的iPhoneUSB-C转闪电连接线资料
1229553,,太平洋电脑网,"2021年,9月15日",,,6核中央处理器，具有2个性能核心和4个能效核心,自研五核心(A15)点击型号查看完整天梯图,支持MP3播放•MP3是什么•查看所有支持MP3播放苹果(Apple),支持,16核神经网络引擎,"nano SIM卡,双卡","支持WiFi,2.4G/5G双频,IEEE 802.11 a/b/g/n/ac/ax,WiFi6",apple,2026-06-23T11:00:14.000634,https://product.pconline.com.cn/mobile/apple/1229553_detail.html,1229553,https://product.pconline.com.cn/mobile/apple/1229553.html,"内置天线•天线是什么•查看所有内置天线苹果(Apple),时钟•时钟是什么•查看所有时钟苹果(Apple),内置震动•震动是什么•查看所有内置震动苹果(Apple),通话时间提示•通话时间是什么•查看所有通话时间提示苹果(Apple),免提通话•免提通话是什么•查看所有免提通话苹果(Apple),待机图片•待机图片是什么•查看所有待机图片苹果(Apple),来电铃声识别•来电铃声识别是什么•查看所有来电铃声识别苹果(Apple),录音功能•录音功能是什么•查看所有录音功能苹果(Apple),语音拨号•语音拨号是什么•查看所有语音拨号苹果(Apple),飞行模式•飞行模式是什么•查看所有飞行模式苹果(Apple)","重力感应•重力感应是什么•查看所有重力感应苹果(Apple),距离感应•距离感应是什么•查看所有距离感应苹果(Apple),光线感应•光线感应是什么•查看所有光线感应苹果(Apple),陀螺仪•陀螺仪是什么•查看所有陀螺仪苹果(Apple),NFC",460ppi,"27W有线快充,15W MagSafe无线充电,7.5W无线充电",A2639,ProMotion自适应刷新率技术，最高可达120HzHDR显示原彩显示触感触控2000000:1对比度 (典型)1000尼特最大亮度 (典型); 1200尼特最大亮度(HDR)采用防油渍防指纹涂层支持多种语言文字同时显示,,,,,"支持文档阅读•TXT是什么•查看所有支持文档阅读苹果(Apple),支持TXT•TXT是什么•查看所有支持TXT苹果(Apple),Office(word/excel/ppt)•Office是什么•查看所有Office(word/excel/ppt)苹果(Apple),Adobe PDF•PDF是什么•查看所有Adobe PDF苹果(Apple)","支持,15倍数码变焦,6倍光学变焦","1200万像素,广角摄像头,F1.5","1200万像素,超广角摄像头,F1.8",苹果,"支持JPEG,PNG,GIF,BMP等格式",苹果iPhone13 Pro,苹果A15点击型号查看完整天梯图,"双扬声器,电子书•电子书是什么•查看所有电子书苹果(Apple)","128GB•手机rom是什么•查看所有128GB苹果(Apple),256GB,512GB,1TB","支持GPS,GLONASS,北斗,Galileo,QZSS,支持A-GPS•A-GPS是什么•查看所有支持A-GPS苹果(Apple)","刘海屏,多点触摸•多点触摸是什么•查看所有多点触摸苹果(Apple),电容屏•电容屏是什么•查看所有电容屏苹果(Apple),支持触摸操作•触摸屏是什么•查看所有支持触摸操作苹果(Apple)",,2532×1170像素,120Hz,OLED•OLED是什么•查看所有OLED苹果(Apple),广色域 (P3),直板•直板手机是什么•查看所有直板苹果(Apple),"5G手机,智能手机•智能手机是什么•查看所有智能手机苹果(Apple),拍照手机•拍照手机是什么•查看所有拍照手机苹果(Apple),快充手机,音乐手机•音乐手机是什么•查看所有音乐手机苹果(Apple),防水手机•三防机是什么•查看所有防水手机苹果(Apple)",,"银色,金色,石墨色,远峰蓝色,苍岭绿色",无扩展卡功能,,"自动对焦•自动对焦是什么•查看所有自动对焦苹果(Apple),光学变焦•光学变焦是什么•查看所有光学变焦苹果(Apple),全景拍摄•全景拍摄是什么•查看所有全景拍摄苹果(Apple),HDR,连拍功能•连拍功能是什么•查看所有连拍功能苹果(Apple),光学防抖(OIS),传感器位移式光学图像防抖","1200万像素•像素是什么•查看所有1200万像素苹果(Apple),长焦摄像头,F2.8","后置三摄像头,前置单摄像头","iOS•iOS是什么•查看所有iOS苹果(Apple),iOS15",Lightning接口,146.7×71.5×7.65mm,超瓷晶面板亚光质感玻璃背板搭配不锈钢边框防溅、抗水、防尘:达到IP68级别 (在最深6米的水下停留时间最长可达30分钟),203g,,不可拆卸式电池,"全网通,移动5G,联通5G,电信5G,移动4G,联通4G,电信4G,移动3G,联通3G,电信3G","支持蓝牙•蓝牙是什么•查看所有支持蓝牙苹果(Apple),蓝牙v5.0•蓝牙是什么•查看所有蓝牙v5.0苹果(Apple)",,支持视频播放•视频是什么•查看所有支持视频播放苹果(Apple),"手写输入•手写输入是什么•查看所有手写输入苹果(Apple),英文输入法•输入法是什么•查看所有英文输入法苹果(Apple),中文输入法•输入法是什么•查看所有中文输入法苹果(Apple),第三方输入法•输入法是什么•查看所有第三方输入法苹果(Apple)",虚拟触摸键盘,LED闪光灯•LED补光灯是什么•查看所有LED闪光灯苹果(Apple),"闹钟•闹钟是什么•查看所有闹钟苹果(Apple),日历•日历是什么•查看所有日历苹果(Apple),计算器•计算器是什么•查看所有计算器苹果(Apple),记事本•记事本是什么•查看所有记事本苹果(Apple),备忘录•备忘录是什么•查看所有备忘录苹果(Apple),世界时钟•时钟是什么•查看所有世界时钟苹果(Apple),定时器•定时器是什么•查看所有定时器苹果(Apple),秒表•秒表是什么•查看所有秒表苹果(Apple),自动开关机•自动开关机是什么•查看所有自动开关机苹果(Apple)",
1229532,,太平洋电脑网,"2021年,9月15日",,,6核中央处理器，具有2个性能核心和4个能效核心,自研四核心(A15)点击型号查看完整天梯图,"支持MP3播放•MP3是什么•查看所有支持MP3播放苹果(Apple),AAC‑LC、HE‑AAC、HE‑AAC v2、Protected AAC、MP3、Linear PCM、Apple 保真压缩、FLAC、杜比数字 (AC‑3)、杜比数字+ (E‑AC‑3)、杜比全景声与 Audible (格式 2、3、4，Audible Enhanced Audio、AAX 与 AAX+)",支持,16核神经网络引擎,"nano SIM卡,双卡","支持WiFi,2.4G/5G双频,IEEE 802.11 a/b/g/n/ac/ax,支持2x2 MIMO",apple,2026-06-23T11:00:27.994868,https://product.pconline.com.cn/mobile/apple/1229532_detail.html,1229532,https://product.pconline.com.cn/mobile/apple/1229532.html,"内置天线•天线是什么•查看所有内置天线苹果(Apple),时钟•时钟是什么•查看所有时钟苹果(Apple),内置震动•震动是什么•查看所有内置震动苹果(Apple),通话时间提示•通话时间是什么•查看所有通话时间提示苹果(Apple),免提通话•免提通话是什么•查看所有免提通话苹果(Apple),待机图片•待机图片是什么•查看所有待机图片苹果(Apple),来电铃声识别•来电铃声识别是什么•查看所有来电铃声识别苹果(Apple),录音功能•录音功能是什么•查看所有录音功能苹果(Apple),语音拨号•语音拨号是什么•查看所有语音拨号苹果(Apple),飞行模式•飞行模式是什么•查看所有飞行模式苹果(Apple)","重力感应•重力感应是什么•查看所有重力感应苹果(Apple),距离感应•距离感应是什么•查看所有距离感应苹果(Apple),光线感应•光线感应是什么•查看所有光线感应苹果(Apple),加速度传感器•加速传感是什么•查看所有加速度传感器苹果(Apple),陀螺仪•陀螺仪是什么•查看所有陀螺仪苹果(Apple),气压计,X轴线性马达,NFC,面容 ID",460ppi,"20W有线快充,15W MagSafe无线充电,7.5W无线充电",A2634,HDR 显示原彩显示2000000:1 对比度 (典型)800 尼特最大亮度 (典型)；1200 尼特最大亮度 (HDR)采用防油渍防指纹涂层支持多种语言文字同时显示,【后置摄像头】蓝宝石玻璃镜头表面100% Focus Pixels (广角)夜间模式深度融合技术智能 HDR 4摄影风格拍摄广色域的照片和实况照片镜头畸变校正 (超广角)先进的红眼校正功能自动图像防抖功能连拍快照模式照片地理标记功能图像拍摄格式：HEIF 和 JPEG【前置摄像头】拍摄广色域的照片和实况照片镜头畸变校正视网膜屏闪光灯自动图像防抖功能连拍快照模式,,,,"支持文档阅读•TXT是什么•查看所有支持文档阅读苹果(Apple),支持TXT•TXT是什么•查看所有支持TXT苹果(Apple),Office(word/excel/ppt)•Office是什么•查看所有Office(word/excel/ppt)苹果(Apple),Adobe PDF•PDF是什么•查看所有Adobe PDF苹果(Apple)","支持,2倍光学变焦,5倍数码变焦","1200万像素,超广角摄像头,F2.4",,苹果,"支持JPEG,PNG,GIF,BMP等格式",苹果iPhone13,苹果A15点击型号查看完整天梯图,"双扬声器,电子书•电子书是什么•查看所有电子书苹果(Apple)","128GB•手机rom是什么•查看所有128GB苹果(Apple),256GB,512GB","支持GPS,GLONASS,北斗,Galileo,QZSS,支持A-GPS•A-GPS是什么•查看所有支持A-GPS苹果(Apple)","刘海屏,多点触摸•多点触摸是什么•查看所有多点触摸苹果(Apple),电容屏•电容屏是什么•查看所有电容屏苹果(Apple),支持触摸操作•触摸屏是什么•查看所有支持触摸操作苹果(Apple)",,2532×1170像素,,OLED•OLED是什么•查看所有OLED苹果(Apple),广色域 (P3),直板•直板手机是什么•查看所有直板苹果(Apple),"5G手机,智能手机•智能手机是什么•查看所有智能手机苹果(Apple),拍照手机•拍照手机是什么•查看所有拍照手机苹果(Apple),音乐手机•音乐手机是什么•查看所有音乐手机苹果(Apple),防水手机•三防机是什么•查看所有防水手机苹果(Apple)","【A2629 型号】5G NR (频段 n1, n2, n3, n5, n7, n8, n12, n20, n25, n28, n30, n38, n40, n41, n48, n66, n77, n78, n79)FDD‑LTE (频段 1, 2, 3, 4, 5, 7, 8, 12, 13, 17, 18, 19, 20, 25, 26, 28, 30, 32, 66)TD‑LTE (频段 34, 38, 39, 40, 41, 42, 46, 48)UMTS/HSPA+/DC-HSDPA (850, 900, 1700/2100, 1900, 2100 MHz)GSM/EDGE (850, 900, 1800, 1900 MHz)【A2634 型号】5G NR (频段 n1, n2, n3, n5, n7, n8, n12, n20, n25, n28, n30, n38, n40, n41, n48, n66, n77, n78, n79)FDD‑LTE (频段 1, 2, 3, 4, 5, 7, 8, 12, 13, 17, 18, 19, 20, 25, 26, 28, 30, 32, 66)TD‑LTE (频段 34, 38, 39, 40, 41, 42, 46, 48)UMTS/HSPA+/DC-HSDPA (850, 900, 1700/2100, 1900, 2100 MHz)GSM/EDGE (850, 900, 1800, 1900 MHz)","红色,粉色,蓝色,绿色,星光色,午夜色",无扩展卡功能,【后置摄像头】人像模式，支持先进的焦外成像和景深控制人像光效，支持六种效果 (自然光、摄影室灯光、轮廓光、舞台光、单色舞台光和高调单色光)传感器位移式光学图像防抖功能 (广角)七镜式镜头 (广角)；五镜式镜头 (超广角)原彩闪光灯，支持慢速同步全景模式 (最高可达 6300 万像素)【前置摄像头】人像模式，支持先进的焦外成像和景深控制人像光效，支持六种效果 (自然光、摄影室灯光、轮廓光、舞台光、单色舞台光和高调单色光)动话表情和拟我表情夜间模式深度融合技术智能 HDR 4摄影风格,"自动对焦•自动对焦是什么•查看所有自动对焦苹果(Apple),全景拍摄•全景拍摄是什么•查看所有全景拍摄苹果(Apple),HDR,连拍功能•连拍功能是什么•查看所有连拍功能苹果(Apple),光学防抖(OIS),传感器位移式光学图像防抖,光学防抖","1200万像素•像素是什么•查看所有1200万像素苹果(Apple),广角摄像头,F1.6","后置双摄像头,前置单摄像头","iOS•iOS是什么•查看所有iOS苹果(Apple),iOS15",Lightning接口,146.7×71.5×7.65mm,超瓷晶面板玻璃背板搭配铝金属边框IP68,173g,,不可拆卸式电池,"全网通,移动5G,联通5G,电信5G,移动4G,联通4G,电信4G,移动3G,联通3G,电信3G","支持蓝牙•蓝牙是什么•查看所有支持蓝牙苹果(Apple),蓝牙v5.0•蓝牙是什么•查看所有蓝牙v5.0苹果(Apple)",【后置摄像头】电影效果模式可拍摄浅景深视频 (1080p，30 fps)杜比视界 HDR 视频拍摄，最高可达 4K，60 fps4K 视频拍摄，24 fps、25 fps、30 fps 或 60 fps1080p 高清视频拍摄，25 fps、30 fps 或 60 fps720p 高清视频拍摄，30 fps传感器位移式光学图像防抖功能 (广角)音频变焦原彩闪光灯视频快录功能慢动作视频，1080p (120 fps 或 240 fps)延时摄影视频，支持防抖功能夜间模式延时摄影影院级视频防抖功能 (4K、1080p 和 720p)连续自动对焦视频4K 视频录制过程中拍摄 800 万像素静态照片变焦播放视频录制格式：HEVC 和 H.264立体声录音【前置摄像头】电影效果模式可拍摄浅景深视频 (1080p，30 fps)杜比视界 HDR 视频拍摄，最高可达 4K，60 fps4K 视频拍摄，24 fps、25 fps、30 fps 或 60 fps1080p 高清视频拍摄，25 fps、30 fps 或 60 fps慢动作视频，1080p (120 fps)延时摄影视频，支持防抖功能夜间模式延时摄影影院级视频防抖功能 (4K、1080p 和 720p)视频快录功能,"支持视频播放•视频是什么•查看所有支持视频播放苹果(Apple),HEVC、H.264、MPEG-4 Part 2 与 Motion JPEG 支持杜比视界、HDR10 和 HLG，并可显示 HDR 画质","手写输入•手写输入是什么•查看所有手写输入苹果(Apple),英文输入法•输入法是什么•查看所有英文输入法苹果(Apple),中文输入法•输入法是什么•查看所有中文输入法苹果(Apple),第三方输入法•输入法是什么•查看所有第三方输入法苹果(Apple)",虚拟触摸键盘,LED补光灯,"闹钟•闹钟是什么•查看所有闹钟苹果(Apple),日历•日历是什么•查看所有日历苹果(Apple),计算器•计算器是什么•查看所有计算器苹果(Apple),记事本•记事本是什么•查看所有记事本苹果(Apple),备忘录•备忘录是什么•查看所有备忘录苹果(Apple),世界时钟•时钟是什么•查看所有世界时钟苹果(Apple),定时器•定时器是什么•查看所有定时器苹果(Apple),秒表•秒表是什么•查看所有秒表苹果(Apple),自动开关机•自动开关机是什么•查看所有自动开关机苹果(Apple)",装有 iOS 15 的 iPhone×1USB-C 转闪电连接线×1资料×1
1083339,,太平洋电脑网,"2021年,9月15日",,,6核中央处理器，具有2个性能核心和4个能效核心,自研四核心(A15)点击型号查看完整天梯图,"支持MP3播放•MP3是什么•查看所有支持MP3播放苹果(Apple),AAC‑LC、HE‑AAC、HE‑AAC v2、Protected AAC、MP3、Linear PCM、Apple 保真压缩、FLAC、杜比数字 (AC‑3)、杜比数字+ (E‑AC‑3)、杜比全景声与 Audible (格式 2、3、4，Audible Enhanced Audio、AAX 与 AAX+)",支持,16核神经网络引擎,"nano SIM卡,单卡","支持WiFi,IEEE 802.11 a/b/g/n/ac/ax,支持2x2 MIMO",apple,2026-06-23T11:00:42.982612,https://product.pconline.com.cn/mobile/apple/1083339_detail.html,1083339,https://product.pconline.com.cn/mobile/apple/1083339.html,"内置天线•天线是什么•查看所有内置天线苹果(Apple),时钟•时钟是什么•查看所有时钟苹果(Apple),内置震动•震动是什么•查看所有内置震动苹果(Apple),通话时间提示•通话时间是什么•查看所有通话时间提示苹果(Apple),免提通话•免提通话是什么•查看所有免提通话苹果(Apple),待机图片•待机图片是什么•查看所有待机图片苹果(Apple),来电铃声识别•来电铃声识别是什么•查看所有来电铃声识别苹果(Apple),录音功能•录音功能是什么•查看所有录音功能苹果(Apple),语音拨号•语音拨号是什么•查看所有语音拨号苹果(Apple),飞行模式•飞行模式是什么•查看所有飞行模式苹果(Apple)","重力感应•重力感应是什么•查看所有重力感应苹果(Apple),距离感应•距离感应是什么•查看所有距离感应苹果(Apple),光线感应•光线感应是什么•查看所有光线感应苹果(Apple),加速度传感器•加速传感是什么•查看所有加速度传感器苹果(Apple),陀螺仪•陀螺仪是什么•查看所有陀螺仪苹果(Apple),气压计,X轴线性马达,NFC,面容 ID",,"20W有线快充,15WMagSafe无线充电,7.5W无线充电",A2629,HDR 显示原彩显示2000000:1 对比度 (典型)800 尼特最大亮度 (典型)；1200 尼特最大亮度 (HDR)采用防油渍防指纹涂层支持多种语言文字同时显示,【后置摄像头】蓝宝石玻璃镜头表面100% Focus Pixels (广角)夜间模式深度融合技术智能 HDR 4摄影风格拍摄广色域的照片和实况照片镜头畸变校正 (超广角)先进的红眼校正功能自动图像防抖功能连拍快照模式照片地理标记功能图像拍摄格式：HEIF 和 JPEG【前置摄像头】拍摄广色域的照片和实况照片镜头畸变校正视网膜屏闪光灯自动图像防抖功能连拍快照模式,,,,"支持文档阅读•TXT是什么•查看所有支持文档阅读苹果(Apple),支持TXT•TXT是什么•查看所有支持TXT苹果(Apple),Office(word/excel/ppt)•Office是什么•查看所有Office(word/excel/ppt)苹果(Apple),Adobe PDF•PDF是什么•查看所有Adobe PDF苹果(Apple)","2倍光学变焦,5倍数码变焦","1200万像素,超广角摄像头,F2.4",,苹果,"支持JPEG,PNG,GIF,BMP等格式",苹果iPhone13 mini,苹果A15点击型号查看完整天梯图,"双扬声器,电子书•电子书是什么•查看所有电子书苹果(Apple)","128GB•手机rom是什么•查看所有128GB苹果(Apple),256GB,512GB","支持GPS,北斗,Galileo,QZSS,iBeacon 微定位","刘海屏,多点触摸•多点触摸是什么•查看所有多点触摸苹果(Apple),电容屏•电容屏是什么•查看所有电容屏苹果(Apple),超视网膜 XDR 显示屏",,2340×1080像素,,,,直板•直板手机是什么•查看所有直板苹果(Apple),"5G手机,智能手机•智能手机是什么•查看所有智能手机苹果(Apple),拍照手机•拍照手机是什么•查看所有拍照手机苹果(Apple)","【A2629 型号】5G NR (频段 n1, n2, n3, n5, n7, n8, n12, n20, n25, n28, n30, n38, n40, n41, n48, n66, n77, n78, n79)FDD‑LTE (频段 1, 2, 3, 4, 5, 7, 8, 12, 13, 17, 18, 19, 20, 25, 26, 28, 30, 32, 66)TD‑LTE (频段 34, 38, 39, 40, 41, 42, 46, 48)UMTS/HSPA+/DC-HSDPA (850, 900, 1700/2100, 1900, 2100 MHz)GSM/EDGE (850, 900, 1800, 1900 MHz)【A2634 型号】5G NR (频段 n1, n2, n3, n5, n7, n8, n12, n20, n25, n28, n30, n38, n40, n41, n48, n66, n77, n78, n79)FDD‑LTE (频段 1, 2, 3, 4, 5, 7, 8, 12, 13, 17, 18, 19, 20, 25, 26, 28, 30, 32, 66)TD‑LTE (频段 34, 38, 39, 40, 41, 42, 46, 48)UMTS/HSPA+/DC-HSDPA (850, 900, 1700/2100, 1900, 2100 MHz)GSM/EDGE (850, 900, 1800, 1900 MHz)","红色,粉色,蓝色,午夜色,星光色",,【后置摄像头】人像模式，支持先进的焦外成像和景深控制人像光效，支持六种效果 (自然光、摄影室灯光、轮廓光、舞台光、单色舞台光和高调单色光)传感器位移式光学图像防抖功能 (广角)七镜式镜头 (广角)；五镜式镜头 (超广角)原彩闪光灯，支持慢速同步全景模式 (最高可达 6300 万像素)【前置摄像头】人像模式，支持先进的焦外成像和景深控制人像光效，支持六种效果 (自然光、摄影室灯光、轮廓光、舞台光、单色舞台光和高调单色光)动话表情和拟我表情夜间模式深度融合技术智能 HDR 4摄影风格,"自动对焦•自动对焦是什么•查看所有自动对焦苹果(Apple),全景拍摄•全景拍摄是什么•查看所有全景拍摄苹果(Apple),笑脸快门•笑脸快门是什么•查看所有笑脸快门苹果(Apple),HDR,连拍功能•连拍功能是什么•查看所有连拍功能苹果(Apple),光学防抖(OIS),传感器位移式光学图像防抖","1200万像素•像素是什么•查看所有1200万像素苹果(Apple),广角摄像头,F1.6","后置双摄像头,前置单摄像头",iOS•iOS是什么•查看所有iOS苹果(Apple),Lightning接口,131.5×64.2×7.65mm,超瓷晶面板玻璃背板搭配铝金属边框IP68,140g,,不可拆卸式电池,"全网通,移动5G,联通5G,电信5G,移动4G,联通4G,电信4G,移动3G,联通3G,电信3G","支持蓝牙•蓝牙是什么•查看所有支持蓝牙苹果(Apple),蓝牙v5.0•蓝牙是什么•查看所有蓝牙v5.0苹果(Apple)",【后置摄像头】电影效果模式可拍摄浅景深视频 (1080p，30 fps)杜比视界 HDR 视频拍摄，最高可达 4K，60 fps4K 视频拍摄，24 fps、25 fps、30 fps 或 60 fps1080p 高清视频拍摄，25 fps、30 fps 或 60 fps720p 高清视频拍摄，30 fps传感器位移式光学图像防抖功能 (广角)音频变焦原彩闪光灯视频快录功能慢动作视频，1080p (120 fps 或 240 fps)延时摄影视频，支持防抖功能夜间模式延时摄影影院级视频防抖功能 (4K、1080p 和 720p)连续自动对焦视频4K 视频录制过程中拍摄 800 万像素静态照片变焦播放视频录制格式：HEVC 和 H.264立体声录音【前置摄像头】电影效果模式可拍摄浅景深视频 (1080p，30 fps)杜比视界 HDR 视频拍摄，最高可达 4K，60 fps4K 视频拍摄，24 fps、25 fps、30 fps 或 60 fps1080p 高清视频拍摄，25 fps、30 fps 或 60 fps慢动作视频，1080p (120 fps)延时摄影视频，支持防抖功能夜间模式延时摄影影院级视频防抖功能 (4K、1080p 和 720p)视频快录功能,"支持视频播放•视频是什么•查看所有支持视频播放苹果(Apple),HEVC、H.264、MPEG-4 Part 2 与 Motion JPEG 支持杜比视界、HDR10 和 HLG，并可显示 HDR 画质","手写输入•手写输入是什么•查看所有手写输入苹果(Apple),英文输入法•输入法是什么•查看所有英文输入法苹果(Apple),中文输入法•输入法是什么•查看所有中文输入法苹果(Apple),第三方输入法•输入法是什么•查看所有第三方输入法苹果(Apple)",虚拟触摸键盘,LED补光灯,"闹钟•闹钟是什么•查看所有闹钟苹果(Apple),日历•日历是什么•查看所有日历苹果(Apple),计算器•计算器是什么•查看所有计算器苹果(Apple),记事本•记事本是什么•查看所有记事本苹果(Apple),备忘录•备忘录是什么•查看所有备忘录苹果(Apple),世界时钟•时钟是什么•查看所有世界时钟苹果(Apple),定时器•定时器是什么•查看所有定时器苹果(Apple),秒表•秒表是什么•查看所有秒表苹果(Apple),自动开关机•自动开关机是什么•查看所有自动开关机苹果(Apple)",装有 iOS 15 的 iPhone×1USB-C 转闪电连接线×1资料×1
